{
    "embedding": [
        5,
        0,
        5,
        1,
        3,
        2,
        3,
        2,
        6,
        2,
        6,
        0,
        2,
        1,
        3,
        0,
        8,
        3,
        0,
        2,
        1,
        0,
        1,
        1,
        4,
        1,
        2,
        0,
        5,
        0,
        1,
        0,
        7,
        0,
        0,
        1,
        8,
        5,
        4,
        0
    ],
    "hyperparameters": {
        "CELL_STACKS": [
            5,
            1
        ],
        "CELL_STRIDES": [
            1,
            2
        ],
        "CELL_INDEX_FOR_REDUCTION": 1,
        "GROUPS_PER_CELL": 5,
        "OPS_PER_GROUP": 2,
        "CELL_LAYERS": 3,
        "TARGET_FILTER_DIMS": 32,
        "REDUCTION_EXPANSION_FACTOR": 2,
        "REDUCTION_EXPANSION_BEFORE": false,
        "REDUCE_CURRENT": false,
        "PASS_RESIDUAL": true,
        "CONCATENATE_ALL": false,
        "TRAIN_EPOCHS": 1,
        "TRAIN_ITERATIONS": 16,
        "MAXIMUM_LEARNING_RATE": 0.025,
        "MINIMUM_LEARNING_RATE": 0.001,
        "USE_SGDR": true,
        "BATCH_SIZE": 16,
        "SGDR_EPOCHS_PER_RESTART": 16,
        "SGDR_LR_DECAY": 0.8,
        "SGDR_PERIOD_DECAY": 2,
        "DROP_PATH_CHANCE": 0.6,
        "DROP_PATH_TOTAL_STEPS_MULTI": 1,
        "IDENTITY_THRESHOLD": 0.0
    },
    "model_name": "evo_1594863657.2847767",
    "metrics": {
        "accuracy": [
            0.4142000079154968,
            0.5630999803543091,
            0.5346999764442444,
            0.644599974155426,
            0.7010999917984009,
            0.7321000099182129,
            0.7766000032424927,
            0.7763000130653381,
            0.7910000085830688,
            0.8091999888420105,
            0.8179000020027161,
            0.8240000009536743,
            0.830299973487854,
            0.8352000117301941,
            0.8385000228881836,
            0.8366000056266785
        ],
        "average_train_time": [
            0.016213294410705566,
            0.015289264278411865,
            0.01536358018398285,
            0.015396297574043274,
            0.01574942886352539,
            0.01712060989379883,
            0.010902608122825622,
            0.010079280438423157,
            0.010062487454414367,
            0.010090179934501647,
            0.010071824750900269,
            0.010072330265045166,
            0.010044646458625793,
            0.010047211918830871,
            0.010018935160636901,
            0.010035445141792297
        ],
        "average_inference_time": [
            0.0027309081315994264,
            0.0023909181594848634,
            0.0023868891716003417,
            0.0023918001174926757,
            0.0024485999822616575,
            0.002649215126037598,
            0.002774500274658203,
            0.0023689002275466917,
            0.002365400958061218,
            0.0023691558599472046,
            0.002377000164985657,
            0.0023637391805648804,
            0.0023691593647003173,
            0.0023660001039505006,
            0.002354651689529419,
            0.002362199926376343
        ],
        "compile_time": 0.1029973030090332,
        "build_time": 17.79884648323059,
        "save_time": 1.8584651947021484,
        "mutation_info": {
            "parent": "",
            "cell_index": 0,
            "group_index": 0,
            "item_index": 0,
            "mutation_type": 0,
            "mutation_subtype": 0
        },
        "flops": 0
    },
    "parent_model_name": ""
}