{
    "embedding": [
        2,
        0,
        3,
        1,
        5,
        1,
        7,
        2,
        1,
        1,
        8,
        3,
        8,
        3,
        6,
        1,
        4,
        1,
        0,
        1,
        1,
        0,
        3,
        1,
        2,
        1,
        5,
        1,
        4,
        3,
        1,
        0,
        5,
        3,
        1,
        1,
        3,
        0,
        8,
        2
    ],
    "hyperparameters": {
        "CELL_STACKS": [
            6,
            1
        ],
        "CELL_STRIDES": [
            1,
            2
        ],
        "CELL_INDEX_FOR_REDUCTION": 1,
        "GROUPS_PER_CELL": 5,
        "OPS_PER_GROUP": 2,
        "CELL_LAYERS": 3,
        "TARGET_FILTER_DIMS": 32,
        "REDUCTION_EXPANSION_FACTOR": 2,
        "REDUCTION_EXPANSION_BEFORE": false,
        "REDUCE_CURRENT": false,
        "PASS_RESIDUAL": true,
        "CONCATENATE_ALL": false,
        "TRAIN_EPOCHS": 1,
        "TRAIN_ITERATIONS": 16,
        "MAXIMUM_LEARNING_RATE": 0.025,
        "MINIMUM_LEARNING_RATE": 0.001,
        "USE_SGDR": true,
        "BATCH_SIZE": 16,
        "SGDR_EPOCHS_PER_RESTART": 16,
        "SGDR_LR_DECAY": 0.8,
        "SGDR_PERIOD_DECAY": 2,
        "DROP_PATH_CHANCE": 0.6,
        "DROP_PATH_TOTAL_STEPS_MULTI": 1,
        "IDENTITY_THRESHOLD": 0.0
    },
    "model_name": "evo_1595288512.4550383",
    "metrics": {
        "accuracy": [
            0.5224999785423279,
            0.621999979019165,
            0.6879000067710876,
            0.7267000079154968,
            0.7670999765396118,
            0.7943000197410583,
            0.8174999952316284,
            0.8166999816894531,
            0.8337000012397766,
            0.8378999829292297,
            0.8450000286102295,
            0.8539000153541565,
            0.8600000143051147,
            0.8629000186920166,
            0.8636999726295471,
            0.8648999929428101
        ],
        "average_train_time": [
            0.020676955995559694,
            0.018624489698410036,
            0.018456834778785704,
            0.019792758011817933,
            0.019160403995513917,
            0.019902014489173888,
            0.019529306926727295,
            0.019664957666397094,
            0.018929418506622313,
            0.018936529774665832,
            0.019157737951278685,
            0.02017077248096466,
            0.019411570076942445,
            0.01944765646934509,
            0.019172972931861876,
            0.012133942461013793
        ],
        "average_inference_time": [
            0.0035441010951995848,
            0.0029455742359161376,
            0.0030225188732147215,
            0.00304812433719635,
            0.0030810473203659056,
            0.0031742948055267332,
            0.0030264732122421267,
            0.003024578881263733,
            0.003048757982254028,
            0.0030252713918685913,
            0.003130271506309509,
            0.0031073081731796265,
            0.003157916021347046,
            0.0030520636558532717,
            0.003063477897644043,
            0.0034405001401901247
        ],
        "compile_time": 0.11999940872192383,
        "build_time": 20.943811893463135,
        "save_time": 4.444027662277222,
        "mutation_info": {
            "parent": "",
            "cell_index": 0,
            "group_index": 0,
            "item_index": 0,
            "mutation_type": 0,
            "mutation_subtype": 0
        },
        "flops": 0
    },
    "parent_model_name": ""
}