{
    "embedding": [
        7,
        0,
        6,
        1,
        6,
        0,
        8,
        2,
        1,
        0,
        5,
        3,
        7,
        0,
        5,
        4,
        6,
        2,
        4,
        0,
        6,
        0,
        7,
        1,
        0,
        2,
        3,
        2,
        4,
        2,
        0,
        0,
        7,
        0,
        2,
        0,
        6,
        2,
        0,
        5
    ],
    "hyperparameters": {
        "CELL_STACKS": [
            3,
            1
        ],
        "CELL_STRIDES": [
            1,
            2
        ],
        "CELL_INDEX_FOR_REDUCTION": 1,
        "GROUPS_PER_CELL": 5,
        "OPS_PER_GROUP": 2,
        "CELL_LAYERS": 3,
        "TARGET_FILTER_DIMS": 24,
        "REDUCTION_EXPANSION_FACTOR": 2,
        "REDUCTION_EXPANSION_BEFORE": false,
        "REDUCE_CURRENT": false,
        "PASS_RESIDUAL": true,
        "CONCATENATE_ALL": false,
        "TRAIN_EPOCHS": 1,
        "TRAIN_ITERATIONS": 16,
        "MAXIMUM_LEARNING_RATE": 0.025,
        "MINIMUM_LEARNING_RATE": 0.001,
        "USE_SGDR": true,
        "BATCH_SIZE": 16,
        "SGDR_EPOCHS_PER_RESTART": 16,
        "SGDR_LR_DECAY": 0.8,
        "SGDR_PERIOD_DECAY": 2,
        "DROP_PATH_CHANCE": 0.6,
        "DROP_PATH_TOTAL_STEPS_MULTI": 1,
        "IDENTITY_THRESHOLD": 0.0
    },
    "model_name": "evo_1596037381.6896443",
    "metrics": {
        "accuracy": [
            0.5051000118255615,
            0.5364999771118164,
            0.5636000037193298,
            0.6514999866485596,
            0.5752999782562256,
            0.7099000215530396,
            0.7383000254631042,
            0.742900013923645,
            0.755299985408783,
            0.7608000040054321,
            0.7692999839782715,
            0.7921000123023987,
            0.7997999787330627,
            0.8047999739646912,
            0.808899998664856,
            0.8105000257492065
        ],
        "average_train_time": [
            0.00859903084754944,
            0.007961461882591248,
            0.009110602068901063,
            0.008612171339988709,
            0.011185588622093201,
            0.008103065009117127,
            0.008336288423538209,
            0.008577753748893737,
            0.008545359988212585,
            0.008249768991470337,
            0.008399160108566284,
            0.008418420014381409,
            0.007752629432678223,
            0.0077983808231353756,
            0.00874087920665741,
            0.007579015598297119
        ],
        "average_inference_time": [
            0.0012552998542785644,
            0.0010238998889923097,
            0.001021099328994751,
            0.0010702996730804443,
            0.0013116742849349976,
            0.0010597517251968384,
            0.001029402208328247,
            0.0010651998281478881,
            0.0010201001167297363,
            0.0009917001962661744,
            0.0010566001176834107,
            0.001010300087928772,
            0.0010094999551773071,
            0.0010348509073257446,
            0.0010005001306533814,
            0.0009983000755310059
        ],
        "compile_time": 0.07299923896789551,
        "build_time": 13.177671432495117,
        "save_time": 1.3123056888580322,
        "mutation_info": {
            "parent": "",
            "cell_index": 0,
            "group_index": 0,
            "item_index": 0,
            "mutation_type": 0,
            "mutation_subtype": 0
        },
        "flops": 0
    },
    "parent_model_name": ""
}