{
    "embedding": [
        4,
        0,
        6,
        1,
        3,
        1,
        5,
        1,
        8,
        1,
        3,
        3,
        5,
        3,
        8,
        2,
        0,
        0,
        7,
        0,
        7,
        0,
        7,
        1,
        4,
        2,
        7,
        2,
        1,
        0,
        8,
        2,
        2,
        2,
        6,
        2,
        0,
        2,
        5,
        3
    ],
    "hyperparameters": {
        "CELL_STACKS": [
            5,
            1
        ],
        "CELL_STRIDES": [
            1,
            2
        ],
        "CELL_INDEX_FOR_REDUCTION": 1,
        "GROUPS_PER_CELL": 5,
        "OPS_PER_GROUP": 2,
        "CELL_LAYERS": 3,
        "TARGET_FILTER_DIMS": 32,
        "REDUCTION_EXPANSION_FACTOR": 2,
        "REDUCTION_EXPANSION_BEFORE": false,
        "REDUCE_CURRENT": false,
        "PASS_RESIDUAL": true,
        "CONCATENATE_ALL": false,
        "TRAIN_EPOCHS": 1,
        "TRAIN_ITERATIONS": 16,
        "MAXIMUM_LEARNING_RATE": 0.025,
        "MINIMUM_LEARNING_RATE": 0.001,
        "USE_SGDR": true,
        "BATCH_SIZE": 16,
        "SGDR_EPOCHS_PER_RESTART": 16,
        "SGDR_LR_DECAY": 0.8,
        "SGDR_PERIOD_DECAY": 2,
        "DROP_PATH_CHANCE": 0.6,
        "DROP_PATH_TOTAL_STEPS_MULTI": 1,
        "IDENTITY_THRESHOLD": 0.0
    },
    "model_name": "evo_1594738824.4298208",
    "metrics": {
        "accuracy": [
            0.535099983215332,
            0.6037999987602234,
            0.6873000264167786,
            0.7598000168800354,
            0.7804999947547913,
            0.8083000183105469,
            0.8241999745368958,
            0.8198999762535095,
            0.8321999907493591,
            0.8463000059127808,
            0.8583999872207642,
            0.8535000085830688,
            0.8647000193595886,
            0.8590999841690063,
            0.864799976348877,
            0.8636999726295471
        ],
        "average_train_time": [
            0.01647927978992462,
            0.01589715247631073,
            0.010470464973449707,
            0.010293389191627502,
            0.010632648205757142,
            0.010435061640739441,
            0.009818471493721009,
            0.009834026355743408,
            0.009824811058044433,
            0.009848663573265075,
            0.009853696880340577,
            0.009841620917320252,
            0.009865116972923279,
            0.010183837933540343,
            0.01033054144859314,
            0.010358291969299317
        ],
        "average_inference_time": [
            0.002950999617576599,
            0.0026660000085830687,
            0.003215360379219055,
            0.0029686422348022463,
            0.0028357267618179323,
            0.0031685999393463136,
            0.0026599003076553346,
            0.0026551001071929933,
            0.0026550719261169433,
            0.002662600064277649,
            0.002660555148124695,
            0.002657100009918213,
            0.002675,
            0.0028129422426223754,
            0.0028072630167007445,
            0.0028712947368621827
        ],
        "compile_time": 0.10199928283691406,
        "build_time": 15.820689678192139,
        "save_time": 2.416501998901367,
        "mutation_info": {
            "parent": "",
            "cell_index": 0,
            "group_index": 0,
            "item_index": 0,
            "mutation_type": 0,
            "mutation_subtype": 0
        },
        "flops": 0
    },
    "parent_model_name": ""
}