{
    "embedding": [
        7,
        0,
        2,
        1,
        5,
        1,
        7,
        2,
        6,
        3,
        8,
        3,
        0,
        4,
        2,
        2,
        1,
        0,
        5,
        2,
        3,
        0,
        8,
        1,
        2,
        2,
        5,
        1,
        4,
        3,
        2,
        1,
        2,
        2,
        4,
        2,
        4,
        1,
        6,
        2
    ],
    "hyperparameters": {
        "CELL_STACKS": [
            3,
            1
        ],
        "CELL_STRIDES": [
            1,
            2
        ],
        "CELL_INDEX_FOR_REDUCTION": 1,
        "GROUPS_PER_CELL": 5,
        "OPS_PER_GROUP": 2,
        "CELL_LAYERS": 3,
        "TARGET_FILTER_DIMS": 24,
        "REDUCTION_EXPANSION_FACTOR": 2,
        "REDUCTION_EXPANSION_BEFORE": false,
        "REDUCE_CURRENT": false,
        "PASS_RESIDUAL": true,
        "CONCATENATE_ALL": false,
        "TRAIN_EPOCHS": 1,
        "TRAIN_ITERATIONS": 32,
        "MAXIMUM_LEARNING_RATE": 0.025,
        "MINIMUM_LEARNING_RATE": 0.001,
        "USE_SGDR": true,
        "BATCH_SIZE": 16,
        "SGDR_EPOCHS_PER_RESTART": 32,
        "SGDR_LR_DECAY": 0.8,
        "SGDR_PERIOD_DECAY": 2,
        "DROP_PATH_CHANCE": 0.6,
        "DROP_PATH_TOTAL_STEPS_MULTI": 1,
        "IDENTITY_THRESHOLD": 0.0
    },
    "model_name": "evo_1593876475.0435107",
    "metrics": {
        "accuracy": [
            0.4731999933719635,
            0.5770000219345093,
            0.5286999940872192,
            0.6477000117301941,
            0.7113999724388123,
            0.7156000137329102,
            0.7312999963760376,
            0.7583000063896179,
            0.7724999785423279,
            0.7815999984741211,
            0.746399998664856,
            0.8026000261306763,
            0.8001999855041504,
            0.7954000234603882,
            0.8087000250816345,
            0.8177000284194946,
            0.8116000294685364,
            0.8223000168800354,
            0.800000011920929,
            0.8158000111579895,
            0.8227999806404114,
            0.8353000283241272,
            0.8319000005722046,
            0.8234000205993652,
            0.8363000154495239,
            0.8367000222206116,
            0.8406999707221985,
            0.8378999829292297,
            0.8403000235557556,
            0.8428999781608582,
            0.8417999744415283,
            0.8424000144004822
        ],
        "average_train_time": [
            0.007460430335998535,
            0.006956645784378052,
            0.006992739911079407,
            0.006984335680007935,
            0.006984100623130799,
            0.0068787813997268675,
            0.006901857838630676,
            0.006979880032539368,
            0.006938989009857178,
            0.006990900139808655,
            0.006985800642967224,
            0.0069138094472885134,
            0.006831959986686707,
            0.006875479469299317,
            0.006984150166511536,
            0.006918979821205139,
            0.006918072533607483,
            0.006968250298500061,
            0.006862051882743836,
            0.007008249650001526,
            0.006961930422782898,
            0.006927770371437073,
            0.006979590048789978,
            0.006867839779853821,
            0.006981880025863647,
            0.006943260087966919,
            0.006924870223999024,
            0.006972270436286926,
            0.006868280038833618,
            0.007008611578941345,
            0.006954403195381165,
            0.00690518078327179
        ],
        "average_inference_time": [
            0.0011759036540985107,
            0.0009824286937713622,
            0.000978699827194214,
            0.0009796002864837646,
            0.0009800001621246338,
            0.0009880698204040527,
            0.0009774501085281371,
            0.0009791997671127319,
            0.000980400037765503,
            0.000977886962890625,
            0.00097864990234375,
            0.000979790496826172,
            0.000988945460319519,
            0.000982300043106079,
            0.0009840004920959472,
            0.0009868719577789307,
            0.000983599853515625,
            0.0009778024435043336,
            0.0009795000553131103,
            0.0009768201589584352,
            0.00098734610080719,
            0.0010034001111984252,
            0.000983299732208252,
            0.0009783004760742188,
            0.000984201431274414,
            0.0009887412786483765,
            0.0009792999744415282,
            0.0009802000522613524,
            0.000986500096321106,
            0.0009844001054763794,
            0.0009881898641586303,
            0.0009827842950820922
        ],
        "compile_time": 0.06800007820129395,
        "build_time": 7.794998645782471,
        "save_time": 1.0570001602172852,
        "mutation_info": {
            "parent": "",
            "cell_index": 0,
            "group_index": 0,
            "item_index": 0,
            "mutation_type": 0,
            "mutation_subtype": 0
        },
        "flops": 0
    },
    "parent_model_name": ""
}