{
    "embedding": [
        4,
        0,
        5,
        1,
        7,
        1,
        1,
        0,
        0,
        2,
        7,
        0,
        8,
        4,
        6,
        4,
        3,
        1,
        2,
        0,
        1,
        0,
        0,
        1,
        6,
        2,
        1,
        0,
        6,
        0,
        2,
        0,
        7,
        2,
        6,
        2,
        0,
        1,
        2,
        0
    ],
    "hyperparameters": {
        "CELL_STACKS": [
            5,
            1
        ],
        "CELL_STRIDES": [
            1,
            2
        ],
        "CELL_INDEX_FOR_REDUCTION": 1,
        "GROUPS_PER_CELL": 5,
        "OPS_PER_GROUP": 2,
        "CELL_LAYERS": 3,
        "TARGET_FILTER_DIMS": 32,
        "REDUCTION_EXPANSION_FACTOR": 2,
        "REDUCTION_EXPANSION_BEFORE": false,
        "REDUCE_CURRENT": false,
        "PASS_RESIDUAL": true,
        "CONCATENATE_ALL": false,
        "TRAIN_EPOCHS": 1,
        "TRAIN_ITERATIONS": 16,
        "MAXIMUM_LEARNING_RATE": 0.025,
        "MINIMUM_LEARNING_RATE": 0.001,
        "USE_SGDR": true,
        "BATCH_SIZE": 16,
        "SGDR_EPOCHS_PER_RESTART": 16,
        "SGDR_LR_DECAY": 0.8,
        "SGDR_PERIOD_DECAY": 2,
        "DROP_PATH_CHANCE": 0.6,
        "DROP_PATH_TOTAL_STEPS_MULTI": 1,
        "IDENTITY_THRESHOLD": 0.0,
        "NORMAL_CELL_N": 6
    },
    "model_name": "evo_1594977874.5841312",
    "metrics": {
        "accuracy": [
            0.44909998774528503,
            0.5569000244140625,
            0.6396999955177307,
            0.6675000190734863,
            0.7354000210762024,
            0.7754999995231628,
            0.7583000063896179,
            0.7681999802589417,
            0.8144000172615051,
            0.7985000014305115,
            0.8295999765396118,
            0.8341000080108643,
            0.8432000279426575,
            0.8464999794960022,
            0.849399983882904,
            0.849399983882904
        ],
        "average_train_time": [
            0.015507665815353393,
            0.014577489342689515,
            0.014546085472106934,
            0.014579506664276123,
            0.014609843602180482,
            0.014604240522384643,
            0.014579021220207215,
            0.014605766205787659,
            0.014609383931159974,
            0.014592703375816345,
            0.014606763949394226,
            0.014596669821739197,
            0.014594256811141968,
            0.01461569972038269,
            0.014614283318519593,
            0.014591153645515442
        ],
        "average_inference_time": [
            0.002784299874305725,
            0.0024346915245056153,
            0.0024418997526168824,
            0.0024397999048233034,
            0.0024463999032974244,
            0.0024505998373031616,
            0.0024499998807907103,
            0.0024483846426010133,
            0.0024343506574630736,
            0.002445915126800537,
            0.0024511000871658326,
            0.002436199927330017,
            0.0024481002569198607,
            0.002457399797439575,
            0.002437858033180237,
            0.002440684127807617
        ],
        "compile_time": 0.09799957275390625,
        "build_time": 15.91299843788147,
        "save_time": 2.718186140060425,
        "mutation_info": {
            "parent": "",
            "cell_index": 0,
            "group_index": 0,
            "item_index": 0,
            "mutation_type": 0,
            "mutation_subtype": 0
        },
        "flops": 0
    },
    "parent_model_name": ""
}