{
    "embedding": [
        7,
        0,
        2,
        1,
        5,
        1,
        7,
        2,
        6,
        3,
        8,
        3,
        0,
        4,
        2,
        2,
        1,
        0,
        5,
        2,
        3,
        0,
        8,
        1,
        2,
        2,
        5,
        1,
        4,
        3,
        2,
        1,
        2,
        2,
        4,
        2,
        4,
        1,
        6,
        2
    ],
    "hyperparameters": {
        "CELL_STACKS": [
            6,
            1
        ],
        "CELL_STRIDES": [
            1,
            2
        ],
        "CELL_INDEX_FOR_REDUCTION": 1,
        "GROUPS_PER_CELL": 5,
        "OPS_PER_GROUP": 2,
        "CELL_LAYERS": 3,
        "TARGET_FILTER_DIMS": 32,
        "REDUCTION_EXPANSION_FACTOR": 2,
        "REDUCTION_EXPANSION_BEFORE": false,
        "REDUCE_CURRENT": false,
        "PASS_RESIDUAL": true,
        "CONCATENATE_ALL": false,
        "TRAIN_EPOCHS": 1,
        "TRAIN_ITERATIONS": 32,
        "MAXIMUM_LEARNING_RATE": 0.025,
        "MINIMUM_LEARNING_RATE": 0.001,
        "USE_SGDR": true,
        "BATCH_SIZE": 16,
        "SGDR_EPOCHS_PER_RESTART": 32,
        "SGDR_LR_DECAY": 0.8,
        "SGDR_PERIOD_DECAY": 2,
        "DROP_PATH_CHANCE": 0.6,
        "DROP_PATH_TOTAL_STEPS_MULTI": 1,
        "IDENTITY_THRESHOLD": 0.0
    },
    "model_name": "evo_1594395164.003338",
    "metrics": {
        "accuracy": [
            0.3928999900817871,
            0.4959999918937683,
            0.5382999777793884,
            0.551800012588501,
            0.5705999732017517,
            0.656000018119812,
            0.6233999729156494,
            0.6608999967575073,
            0.6639999747276306,
            0.715399980545044,
            0.7250999808311462,
            0.7239999771118164,
            0.739799976348877,
            0.7376999855041504,
            0.7491000294685364,
            0.7648000121116638,
            0.7649000287055969,
            0.7767999768257141,
            0.7817999720573425,
            0.7894999980926514,
            0.79339998960495,
            0.7979000210762024,
            0.7784000039100647,
            0.8062000274658203,
            0.8052999973297119,
            0.8048999905586243,
            0.8052999973297119,
            0.8097000122070312,
            0.8091999888420105,
            0.8065999746322632,
            0.8109999895095825,
            0.8083999752998352
        ],
        "average_train_time": [
            0.014183223090171814,
            0.013219611916542053,
            0.013169287734031677,
            0.013136679320335388,
            0.013246301298141479,
            0.013260004625320435,
            0.013208879952430724,
            0.007352728848457337,
            0.007188427839279175,
            0.0070790919303894044,
            0.007093444695472718,
            0.0070954254102706905,
            0.007084942345619202,
            0.007092439980506897,
            0.007168772115707397,
            0.007097659983634949,
            0.007096052532196045,
            0.007101767535209655,
            0.007107735476493835,
            0.007105440044403076,
            0.007192971901893616,
            0.007116260027885437,
            0.00719853325843811,
            0.007198600435256958,
            0.007085897459983826,
            0.007081813235282898,
            0.007118939394950867,
            0.007129239759445191,
            0.007221860008239746,
            0.007127703576087952,
            0.007197927575111389,
            0.007873296637535096
        ],
        "average_inference_time": [
            0.0024632269382476807,
            0.0020906004428863523,
            0.002083899998664856,
            0.002077612352371216,
            0.002092600321769714,
            0.002093900179862976,
            0.0020870004415512087,
            0.0026224365234375,
            0.0021220497369766234,
            0.0021237884759902955,
            0.0021311000347137453,
            0.0021291279792785642,
            0.002118000078201294,
            0.002127899980545044,
            0.002126800012588501,
            0.0021291000843048098,
            0.002125145149230957,
            0.0021224620580673217,
            0.002139099907875061,
            0.0021456998586654665,
            0.002168000102043152,
            0.0021329999923706054,
            0.002137399983406067,
            0.002124699902534485,
            0.0021271158933639524,
            0.0021295822858810425,
            0.002122600054740906,
            0.002133100080490112,
            0.0021433999300003053,
            0.002183699870109558,
            0.0022425018310546873,
            0.0026202004194259645
        ],
        "compile_time": 0.10700058937072754,
        "build_time": 16.209999322891235,
        "save_time": 3.2951104640960693,
        "mutation_info": {
            "parent": "",
            "cell_index": 0,
            "group_index": 0,
            "item_index": 0,
            "mutation_type": 0,
            "mutation_subtype": 0
        },
        "flops": 0
    },
    "parent_model_name": ""
}