{
    "embedding": [
        1,
        0,
        8,
        1,
        7,
        1,
        4,
        1,
        8,
        2,
        6,
        1,
        6,
        3,
        5,
        1,
        7,
        1,
        8,
        0,
        4,
        0,
        5,
        1,
        8,
        2,
        5,
        1,
        7,
        3,
        1,
        3,
        0,
        3,
        3,
        1,
        0,
        1,
        8,
        5
    ],
    "hyperparameters": {
        "CELL_STACKS": [
            5,
            1
        ],
        "CELL_STRIDES": [
            1,
            2
        ],
        "CELL_INDEX_FOR_REDUCTION": 1,
        "GROUPS_PER_CELL": 5,
        "OPS_PER_GROUP": 2,
        "CELL_LAYERS": 3,
        "TARGET_FILTER_DIMS": 32,
        "REDUCTION_EXPANSION_FACTOR": 2,
        "REDUCTION_EXPANSION_BEFORE": false,
        "REDUCE_CURRENT": false,
        "PASS_RESIDUAL": true,
        "CONCATENATE_ALL": false,
        "TRAIN_EPOCHS": 1,
        "TRAIN_ITERATIONS": 16,
        "MAXIMUM_LEARNING_RATE": 0.025,
        "MINIMUM_LEARNING_RATE": 0.001,
        "USE_SGDR": true,
        "BATCH_SIZE": 16,
        "SGDR_EPOCHS_PER_RESTART": 16,
        "SGDR_LR_DECAY": 0.8,
        "SGDR_PERIOD_DECAY": 2,
        "DROP_PATH_CHANCE": 0.6,
        "DROP_PATH_TOTAL_STEPS_MULTI": 1,
        "IDENTITY_THRESHOLD": 0.0,
        "NORMAL_CELL_N": 6
    },
    "model_name": "evo_1595007009.6227648",
    "metrics": {
        "accuracy": [
            0.5763000249862671,
            0.6574000120162964,
            0.6876999735832214,
            0.7613000273704529,
            0.7871999740600586,
            0.816100001335144,
            0.8230999708175659,
            0.8303999900817871,
            0.8406000137329102,
            0.8536999821662903,
            0.861299991607666,
            0.8618000149726868,
            0.8708000183105469,
            0.8715000152587891,
            0.8726000189781189,
            0.8734999895095825
        ],
        "average_train_time": [
            0.017018431701660158,
            0.015005459823608399,
            0.014677224020957946,
            0.01507142771244049,
            0.015320447068214416,
            0.016789194383621215,
            0.015037328901290893,
            0.01585257613182068,
            0.01505537308216095,
            0.015243362646102905,
            0.01496686632156372,
            0.014772379279136657,
            0.01467680384159088,
            0.014663250260353089,
            0.01515082552433014,
            0.01551644461631775
        ],
        "average_inference_time": [
            0.003153180718421936,
            0.0024324002981185914,
            0.002521125555038452,
            0.00256563138961792,
            0.002485200238227844,
            0.002534736895561218,
            0.002549071979522705,
            0.0025000912427902222,
            0.002487162947654724,
            0.00250740008354187,
            0.002444700288772583,
            0.0024469759702682495,
            0.0025003997802734374,
            0.0024559001684188843,
            0.0025292943239212037,
            0.002562938380241394
        ],
        "compile_time": 0.17499899864196777,
        "build_time": 22.65701961517334,
        "save_time": 3.7577285766601562,
        "mutation_info": {
            "parent": "",
            "cell_index": 0,
            "group_index": 0,
            "item_index": 0,
            "mutation_type": 0,
            "mutation_subtype": 0
        },
        "flops": 0
    },
    "parent_model_name": ""
}