{
    "embedding": [
        3,
        0,
        8,
        1,
        2,
        2,
        4,
        0,
        6,
        0,
        6,
        1,
        1,
        3,
        3,
        3,
        4,
        4,
        2,
        5,
        0,
        0,
        6,
        1,
        4,
        0,
        8,
        1,
        0,
        0,
        3,
        1,
        1,
        3,
        1,
        1,
        6,
        3,
        8,
        4
    ],
    "hyperparameters": {
        "CELL_STACKS": [
            5,
            1
        ],
        "CELL_STRIDES": [
            1,
            2
        ],
        "CELL_INDEX_FOR_REDUCTION": 1,
        "GROUPS_PER_CELL": 5,
        "OPS_PER_GROUP": 2,
        "CELL_LAYERS": 3,
        "TARGET_FILTER_DIMS": 32,
        "REDUCTION_EXPANSION_FACTOR": 2,
        "REDUCTION_EXPANSION_BEFORE": false,
        "REDUCE_CURRENT": false,
        "PASS_RESIDUAL": true,
        "CONCATENATE_ALL": false,
        "TRAIN_EPOCHS": 1,
        "TRAIN_ITERATIONS": 16,
        "MAXIMUM_LEARNING_RATE": 0.025,
        "MINIMUM_LEARNING_RATE": 0.001,
        "USE_SGDR": true,
        "BATCH_SIZE": 16,
        "SGDR_EPOCHS_PER_RESTART": 16,
        "SGDR_LR_DECAY": 0.8,
        "SGDR_PERIOD_DECAY": 2,
        "DROP_PATH_CHANCE": 0.6,
        "DROP_PATH_TOTAL_STEPS_MULTI": 1,
        "IDENTITY_THRESHOLD": 0.0,
        "NORMAL_CELL_N": 6
    },
    "model_name": "evo_1595070286.3725052",
    "metrics": {
        "accuracy": [
            0.226500004529953,
            0.28200000524520874,
            0.3409999907016754,
            0.3061000108718872,
            0.359499990940094,
            0.1476999968290329,
            0.387800008058548,
            0.3921000063419342,
            0.40130001306533813,
            0.40049999952316284,
            0.4343000054359436,
            0.36629998683929443,
            0.3709000051021576,
            0.4203000068664551,
            0.42820000648498535,
            0.4318000078201294
        ],
        "average_train_time": [
            0.012331871466636658,
            0.011508073196411133,
            0.0115146293926239,
            0.01154489996433258,
            0.01149679545402527,
            0.011533909220695495,
            0.011474611892700196,
            0.011484858484268189,
            0.011520206480026244,
            0.011527764973640442,
            0.01149869815826416,
            0.011521568584442138,
            0.011529274430274964,
            0.011515439648628235,
            0.011614314904212952,
            0.0115036177444458
        ],
        "average_inference_time": [
            0.0017769038438796997,
            0.001447000026702881,
            0.0014425701379776,
            0.0014475998878479004,
            0.0014572999954223633,
            0.0014493999004364013,
            0.0014463000059127807,
            0.0014518000364303588,
            0.001443899393081665,
            0.0014672077655792236,
            0.0014534104347229003,
            0.0014486963987350465,
            0.001453721785545349,
            0.0014528999090194703,
            0.0014413394927978516,
            0.0014520999908447265
        ],
        "compile_time": 0.08699989318847656,
        "build_time": 13.47481656074524,
        "save_time": 2.657524347305298,
        "mutation_info": {
            "parent": "",
            "cell_index": 0,
            "group_index": 0,
            "item_index": 0,
            "mutation_type": 0,
            "mutation_subtype": 0
        },
        "flops": 0
    },
    "parent_model_name": ""
}