{
    "embedding": [
        7,
        0,
        2,
        1,
        5,
        1,
        7,
        2,
        6,
        3,
        8,
        3,
        0,
        4,
        2,
        2,
        1,
        0,
        5,
        2,
        3,
        0,
        8,
        1,
        2,
        2,
        5,
        1,
        4,
        3,
        2,
        1,
        2,
        2,
        4,
        2,
        4,
        1,
        6,
        2
    ],
    "hyperparameters": {
        "CELL_STACKS": [
            5,
            1
        ],
        "CELL_STRIDES": [
            1,
            2
        ],
        "CELL_INDEX_FOR_REDUCTION": 1,
        "GROUPS_PER_CELL": 5,
        "OPS_PER_GROUP": 2,
        "CELL_LAYERS": 3,
        "TARGET_FILTER_DIMS": 24,
        "REDUCTION_EXPANSION_FACTOR": 2,
        "REDUCTION_EXPANSION_BEFORE": false,
        "REDUCE_CURRENT": false,
        "PASS_RESIDUAL": true,
        "CONCATENATE_ALL": false,
        "TRAIN_EPOCHS": 1,
        "TRAIN_ITERATIONS": 16,
        "MAXIMUM_LEARNING_RATE": 0.025,
        "MINIMUM_LEARNING_RATE": 0.001,
        "USE_SGDR": true,
        "BATCH_SIZE": 16,
        "SGDR_EPOCHS_PER_RESTART": 16,
        "SGDR_LR_DECAY": 0.8,
        "SGDR_PERIOD_DECAY": 2,
        "DROP_PATH_CHANCE": 0.6,
        "DROP_PATH_TOTAL_STEPS_MULTI": 1,
        "IDENTITY_THRESHOLD": 0.0,
        "NORMAL_CELL_N": 3
    },
    "model_name": "evo_1594712601.737607",
    "metrics": {
        "accuracy": [
            0.38999998569488525,
            0.48980000615119934,
            0.5346999764442444,
            0.5708000063896179,
            0.6064000129699707,
            0.6453999876976013,
            0.6560999751091003,
            0.6729999780654907,
            0.708299994468689,
            0.722599983215332,
            0.7182000279426575,
            0.7501999735832214,
            0.7540000081062317,
            0.7630000114440918,
            0.7684000134468079,
            0.7699000239372253
        ],
        "average_train_time": [
            0.0106824303150177,
            0.009939239926338196,
            0.010024798293113708,
            0.010121640048027038,
            0.01011190145969391,
            0.010165794639587403,
            0.010132470088005066,
            0.010076286182403565,
            0.010124680018424988,
            0.010063746070861817,
            0.0100963356590271,
            0.010191581873893739,
            0.01008276135444641,
            0.010223365225791932,
            0.010077499904632569,
            0.010117046446800232
        ],
        "average_inference_time": [
            0.0017194703340530396,
            0.0014440442323684693,
            0.0014468863487243652,
            0.0014454267501831054,
            0.0014412860631942749,
            0.0014433366298675537,
            0.0014554000616073608,
            0.0014542001485824585,
            0.0014542001247406006,
            0.001448599910736084,
            0.0014488040685653686,
            0.001451280689239502,
            0.0014490522384643554,
            0.0014565027236938476,
            0.001451200270652771,
            0.0014431387424468994
        ],
        "compile_time": 0.08299899101257324,
        "build_time": 12.467577695846558,
        "save_time": 1.7809879779815674,
        "mutation_info": {
            "parent": "",
            "cell_index": 0,
            "group_index": 0,
            "item_index": 0,
            "mutation_type": 0,
            "mutation_subtype": 0
        },
        "flops": 0
    },
    "parent_model_name": ""
}