{
    "embedding": [
        2,
        0,
        5,
        1,
        4,
        1,
        2,
        1,
        3,
        2,
        7,
        1,
        2,
        4,
        3,
        0,
        8,
        4,
        8,
        5,
        2,
        0,
        8,
        1,
        8,
        0,
        2,
        0,
        6,
        2,
        7,
        0,
        3,
        1,
        6,
        1,
        4,
        1,
        2,
        1
    ],
    "hyperparameters": {
        "CELL_STACKS": [
            5,
            1
        ],
        "CELL_STRIDES": [
            1,
            2
        ],
        "CELL_INDEX_FOR_REDUCTION": 1,
        "GROUPS_PER_CELL": 5,
        "OPS_PER_GROUP": 2,
        "CELL_LAYERS": 3,
        "TARGET_FILTER_DIMS": 32,
        "REDUCTION_EXPANSION_FACTOR": 2,
        "REDUCTION_EXPANSION_BEFORE": false,
        "REDUCE_CURRENT": false,
        "PASS_RESIDUAL": true,
        "CONCATENATE_ALL": false,
        "TRAIN_EPOCHS": 1,
        "TRAIN_ITERATIONS": 16,
        "MAXIMUM_LEARNING_RATE": 0.025,
        "MINIMUM_LEARNING_RATE": 0.001,
        "USE_SGDR": true,
        "BATCH_SIZE": 16,
        "SGDR_EPOCHS_PER_RESTART": 16,
        "SGDR_LR_DECAY": 0.8,
        "SGDR_PERIOD_DECAY": 2,
        "DROP_PATH_CHANCE": 0.6,
        "DROP_PATH_TOTAL_STEPS_MULTI": 1,
        "IDENTITY_THRESHOLD": 0.0
    },
    "model_name": "evo_1595036079.093334",
    "metrics": {
        "accuracy": [
            0.4855000078678131,
            0.6067000031471252,
            0.6711999773979187,
            0.7084000110626221,
            0.7639999985694885,
            0.7908999919891357,
            0.8036999702453613,
            0.809499979019165,
            0.826200008392334,
            0.8285999894142151,
            0.8378999829292297,
            0.8413000106811523,
            0.8456000089645386,
            0.8478000164031982,
            0.8499000072479248,
            0.8522999882698059
        ],
        "average_train_time": [
            0.019667705097198486,
            0.019236611137390138,
            0.01847355547428131,
            0.019507887473106385,
            0.02606891375541687,
            0.024042576098442077,
            0.019293975677490235,
            0.019141262612342835,
            0.00955070089817047,
            0.00943115774154663,
            0.009448794360160828,
            0.00943090968132019,
            0.00940996530532837,
            0.009357439813613892,
            0.009363024821281433,
            0.00930220036506653
        ],
        "average_inference_time": [
            0.0032024465560913087,
            0.0025481998443603517,
            0.002508926486968994,
            0.0029729606866836546,
            0.0028376997470855713,
            0.002756807088851929,
            0.0025912595748901366,
            0.002507186484336853,
            0.00272249071598053,
            0.002379458808898926,
            0.0023656101942062377,
            0.002362450909614563,
            0.0023716539859771728,
            0.0023835999965667724,
            0.002371892714500427,
            0.002369600057601929
        ],
        "compile_time": 0.13299942016601562,
        "build_time": 21.127000093460083,
        "save_time": 4.603152751922607,
        "mutation_info": {
            "parent": "",
            "cell_index": 0,
            "group_index": 0,
            "item_index": 0,
            "mutation_type": 0,
            "mutation_subtype": 0
        },
        "flops": 0
    },
    "parent_model_name": ""
}