{
    "embedding": [
        8,
        0,
        5,
        1,
        2,
        2,
        1,
        0,
        2,
        1,
        3,
        0,
        5,
        0,
        2,
        3,
        5,
        3,
        8,
        0,
        2,
        0,
        6,
        1,
        2,
        0,
        1,
        2,
        7,
        2,
        0,
        0,
        6,
        3,
        8,
        1,
        5,
        1,
        5,
        3
    ],
    "hyperparameters": {
        "CELL_STACKS": [
            3,
            1
        ],
        "CELL_STRIDES": [
            1,
            2
        ],
        "CELL_INDEX_FOR_REDUCTION": 1,
        "GROUPS_PER_CELL": 5,
        "OPS_PER_GROUP": 2,
        "CELL_LAYERS": 3,
        "TARGET_FILTER_DIMS": 24,
        "REDUCTION_EXPANSION_FACTOR": 2,
        "REDUCTION_EXPANSION_BEFORE": false,
        "REDUCE_CURRENT": false,
        "PASS_RESIDUAL": true,
        "CONCATENATE_ALL": false,
        "TRAIN_EPOCHS": 1,
        "TRAIN_ITERATIONS": 32,
        "MAXIMUM_LEARNING_RATE": 0.025,
        "MINIMUM_LEARNING_RATE": 0.001,
        "USE_SGDR": true,
        "BATCH_SIZE": 16,
        "SGDR_EPOCHS_PER_RESTART": 32,
        "SGDR_LR_DECAY": 0.8,
        "SGDR_PERIOD_DECAY": 2,
        "DROP_PATH_CHANCE": 0.6,
        "DROP_PATH_TOTAL_STEPS_MULTI": 1,
        "IDENTITY_THRESHOLD": 0.0
    },
    "model_name": "evo_1593693145.313187",
    "metrics": {
        "accuracy": [
            0.5670999884605408,
            0.6796000003814697,
            0.7138000130653381,
            0.7706000208854675,
            0.7684000134468079,
            0.7886000275611877,
            0.8084999918937683,
            0.8070999979972839,
            0.8156999945640564,
            0.8273000121116638,
            0.8312000036239624,
            0.8395000100135803,
            0.8428999781608582,
            0.8461999893188477,
            0.8465999960899353,
            0.8503000140190125,
            0.8500999808311462,
            0.8511999845504761,
            0.8657000064849854,
            0.8496999740600586,
            0.8654000163078308,
            0.8712000250816345,
            0.8675000071525574,
            0.8658999800682068,
            0.8729000091552734,
            0.8730000257492065,
            0.8733000159263611,
            0.8740000128746033,
            0.8738999962806702,
            0.8751000165939331,
            0.8756999969482422,
            0.8766000270843506
        ],
        "average_train_time": [
            0.009561726794242859,
            0.00904659996509552,
            0.009035389275550842,
            0.009059549837112426,
            0.009062340035438538,
            0.009025580005645751,
            0.009060074281692506,
            0.009059519777297973,
            0.009051975750923157,
            0.009172504448890687,
            0.009170760240554809,
            0.009043300037384034,
            0.009060370283126831,
            0.009035140032768249,
            0.009075510306358338,
            0.009035410203933716,
            0.009079570260047912,
            0.009380670204162597,
            0.010185271482467652,
            0.010429888882637024,
            0.010554794154167175,
            0.011178298921585082,
            0.009908527283668518,
            0.010393202171325683,
            0.010045035209655762,
            0.009869692339897155,
            0.010202092685699464,
            0.013606544394493103,
            0.012726476840972901,
            0.01292006036758423,
            0.013094160785675048,
            0.013782541389465332
        ],
        "average_inference_time": [
            0.0015032001972198486,
            0.0012716380834579468,
            0.0012731830358505248,
            0.0012809004068374634,
            0.0012722005367279052,
            0.001277297806739807,
            0.001287999963760376,
            0.0012748091220855713,
            0.0012697997331619262,
            0.0012792248964309692,
            0.001280500054359436,
            0.0012721998691558839,
            0.0012997000932693482,
            0.0012871004819869996,
            0.0012689001798629762,
            0.0012711999416351318,
            0.0012703001022338868,
            0.0014001606941223144,
            0.0014441986799240112,
            0.001438771390914917,
            0.0014072004556655883,
            0.0013729276418685914,
            0.0012800002336502076,
            0.0013267000198364258,
            0.0013107004404067993,
            0.001280100417137146,
            0.0013069000005722046,
            0.0013597503185272216,
            0.0013140323877334594,
            0.0013381155967712402,
            0.0013212574481964111,
            0.0013661001920700073
        ],
        "compile_time": 0.06724405288696289,
        "build_time": 9.746700048446655,
        "save_time": 0.9389991760253906,
        "mutation_info": {
            "parent": "",
            "cell_index": 0,
            "group_index": 0,
            "item_index": 0,
            "mutation_type": 0,
            "mutation_subtype": 0
        },
        "flops": 0
    },
    "parent_model_name": ""
}