{
    "embedding": [
        3,
        0,
        3,
        1,
        3,
        0,
        8,
        0,
        7,
        0,
        4,
        3,
        5,
        1,
        0,
        1,
        0,
        0,
        2,
        2,
        1,
        0,
        2,
        1,
        1,
        0,
        5,
        0,
        3,
        3,
        1,
        3,
        8,
        3,
        0,
        2,
        2,
        4,
        5,
        1
    ],
    "hyperparameters": {
        "CELL_STACKS": [
            6,
            1
        ],
        "CELL_STRIDES": [
            1,
            2
        ],
        "CELL_INDEX_FOR_REDUCTION": 1,
        "GROUPS_PER_CELL": 5,
        "OPS_PER_GROUP": 2,
        "CELL_LAYERS": 3,
        "TARGET_FILTER_DIMS": 32,
        "REDUCTION_EXPANSION_FACTOR": 2,
        "REDUCTION_EXPANSION_BEFORE": false,
        "REDUCE_CURRENT": false,
        "PASS_RESIDUAL": true,
        "CONCATENATE_ALL": false,
        "TRAIN_EPOCHS": 1,
        "TRAIN_ITERATIONS": 32,
        "MAXIMUM_LEARNING_RATE": 0.025,
        "MINIMUM_LEARNING_RATE": 0.001,
        "USE_SGDR": true,
        "BATCH_SIZE": 16,
        "SGDR_EPOCHS_PER_RESTART": 32,
        "SGDR_LR_DECAY": 0.8,
        "SGDR_PERIOD_DECAY": 2,
        "DROP_PATH_CHANCE": 0.6,
        "DROP_PATH_TOTAL_STEPS_MULTI": 1,
        "IDENTITY_THRESHOLD": 0.0
    },
    "model_name": "evo_1594318795.420555",
    "metrics": {
        "accuracy": [
            0.48590001463890076,
            0.6085000038146973,
            0.6766999959945679,
            0.714900016784668,
            0.756600022315979,
            0.765500009059906,
            0.8003000020980835,
            0.817300021648407,
            0.8271999955177307,
            0.8252000212669373,
            0.8145999908447266,
            0.8356000185012817,
            0.8392999768257141,
            0.8406000137329102,
            0.8427000045776367,
            0.8497999906539917,
            0.8445000052452087,
            0.8522999882698059,
            0.8567000031471252,
            0.8460000157356262,
            0.8537999987602234,
            0.8641999959945679,
            0.8626000285148621,
            0.8658999800682068,
            0.8695999979972839,
            0.867900013923645,
            0.8687999844551086,
            0.8705999851226807,
            0.8705000281333923,
            0.8718000054359436,
            0.8726999759674072,
            0.8736000061035156
        ],
        "average_train_time": [
            0.021605525493621828,
            0.021478180255889892,
            0.020865542006492616,
            0.020703549585342408,
            0.020477486004829407,
            0.020888833298683167,
            0.020983309893608092,
            0.020882302422523497,
            0.020736460585594176,
            0.020577537922859192,
            0.021065480284690855,
            0.020980103240013124,
            0.020876867051124574,
            0.020930169839859007,
            0.02080957143306732,
            0.021029513702392578,
            0.014234626049995423,
            0.013566338376998902,
            0.013504200081825256,
            0.013570000615119935,
            0.013489042677879334,
            0.013616357679367065,
            0.013547495017051697,
            0.01366371518611908,
            0.013618659205436706,
            0.01390358401298523,
            0.01465070405960083,
            0.014506347966194153,
            0.014328290071487428,
            0.014641666550636291,
            0.01569241584777832,
            0.01352019377708435
        ],
        "average_inference_time": [
            0.0037073001384735106,
            0.0033247189283370972,
            0.0032619005203247072,
            0.0032657982110977173,
            0.0032669976711273193,
            0.0033291000127792358,
            0.0033425716400146484,
            0.0033335439205169678,
            0.003274700093269348,
            0.003272191834449768,
            0.003331500220298767,
            0.003267899751663208,
            0.003240600252151489,
            0.003177299976348877,
            0.0032624298095703125,
            0.0032435651302337646,
            0.0036715998888015747,
            0.0031809000015258788,
            0.0032006614208221437,
            0.0031814582347869875,
            0.0031907999753952028,
            0.003211199641227722,
            0.0031917999267578124,
            0.0032154409646987913,
            0.0032169496059417726,
            0.003254800057411194,
            0.004216218328475952,
            0.003531969165802002,
            0.003318303370475769,
            0.0036028831958770753,
            0.003319106864929199,
            0.0031875368595123293
        ],
        "compile_time": 0.11400532722473145,
        "build_time": 20.968032360076904,
        "save_time": 3.4906160831451416,
        "mutation_info": {
            "parent": "",
            "cell_index": 0,
            "group_index": 0,
            "item_index": 0,
            "mutation_type": 0,
            "mutation_subtype": 0
        },
        "flops": 0
    },
    "parent_model_name": ""
}