{
    "embedding": [
        2,
        0,
        4,
        1,
        2,
        2,
        3,
        2,
        0,
        0,
        6,
        3,
        2,
        3,
        3,
        3,
        3,
        3,
        1,
        1,
        4,
        0,
        0,
        1,
        4,
        2,
        2,
        0,
        5,
        2,
        0,
        3,
        4,
        2,
        6,
        2,
        3,
        1,
        8,
        0
    ],
    "hyperparameters": {
        "CELL_STACKS": [
            6,
            1
        ],
        "CELL_STRIDES": [
            1,
            2
        ],
        "CELL_INDEX_FOR_REDUCTION": 1,
        "GROUPS_PER_CELL": 5,
        "OPS_PER_GROUP": 2,
        "CELL_LAYERS": 3,
        "TARGET_FILTER_DIMS": 32,
        "REDUCTION_EXPANSION_FACTOR": 2,
        "REDUCTION_EXPANSION_BEFORE": false,
        "REDUCE_CURRENT": false,
        "PASS_RESIDUAL": true,
        "CONCATENATE_ALL": false,
        "TRAIN_EPOCHS": 1,
        "TRAIN_ITERATIONS": 16,
        "MAXIMUM_LEARNING_RATE": 0.025,
        "MINIMUM_LEARNING_RATE": 0.001,
        "USE_SGDR": true,
        "BATCH_SIZE": 16,
        "SGDR_EPOCHS_PER_RESTART": 16,
        "SGDR_LR_DECAY": 0.8,
        "SGDR_PERIOD_DECAY": 2,
        "DROP_PATH_CHANCE": 0.6,
        "DROP_PATH_TOTAL_STEPS_MULTI": 1,
        "IDENTITY_THRESHOLD": 0.0
    },
    "model_name": "evo_1595329959.1022253",
    "metrics": {
        "accuracy": [
            0.3610000014305115,
            0.44830000400543213,
            0.48179998993873596,
            0.5616000294685364,
            0.6134999990463257,
            0.6481999754905701,
            0.654699981212616,
            0.6980999708175659,
            0.729200005531311,
            0.7459999918937683,
            0.7560999989509583,
            0.7659000158309937,
            0.7800999879837036,
            0.7827000021934509,
            0.7871999740600586,
            0.7843000292778015
        ],
        "average_train_time": [
            0.017260976033210754,
            0.016124318852424623,
            0.016082443165779114,
            0.01608120858669281,
            0.01607690296649933,
            0.0160940492105484,
            0.01609505977153778,
            0.01608323532104492,
            0.016085557165145873,
            0.0160691353225708,
            0.01606158697128296,
            0.01601826711654663,
            0.016028275899887087,
            0.017632707018852233,
            0.016982092490196228,
            0.017070470757484437
        ],
        "average_inference_time": [
            0.0027894004821777344,
            0.002286899971961975,
            0.0022839999914169313,
            0.0022810000896453858,
            0.002286799955368042,
            0.002283999967575073,
            0.0022753703832626344,
            0.0022680324792861938,
            0.002282100009918213,
            0.0022830998420715334,
            0.0022858998775482178,
            0.0023374001264572144,
            0.0022800000429153444,
            0.002414650011062622,
            0.002409993624687195,
            0.0024735511302947997
        ],
        "compile_time": 0.11599946022033691,
        "build_time": 20.174000024795532,
        "save_time": 3.0141501426696777,
        "mutation_info": {
            "parent": "",
            "cell_index": 0,
            "group_index": 0,
            "item_index": 0,
            "mutation_type": 0,
            "mutation_subtype": 0
        },
        "flops": 0
    },
    "parent_model_name": ""
}