{
    "embedding": [
        1,
        0,
        5,
        1,
        8,
        1,
        5,
        0,
        6,
        2,
        2,
        2,
        1,
        1,
        8,
        1,
        2,
        4,
        2,
        2,
        0,
        0,
        3,
        1,
        3,
        0,
        1,
        2,
        6,
        0,
        4,
        0,
        8,
        2,
        1,
        4,
        0,
        3,
        6,
        1
    ],
    "hyperparameters": {
        "CELL_STACKS": [
            5,
            1
        ],
        "CELL_STRIDES": [
            1,
            2
        ],
        "CELL_INDEX_FOR_REDUCTION": 1,
        "GROUPS_PER_CELL": 5,
        "OPS_PER_GROUP": 2,
        "CELL_LAYERS": 3,
        "TARGET_FILTER_DIMS": 24,
        "REDUCTION_EXPANSION_FACTOR": 2,
        "REDUCTION_EXPANSION_BEFORE": false,
        "REDUCE_CURRENT": false,
        "PASS_RESIDUAL": true,
        "CONCATENATE_ALL": false,
        "TRAIN_EPOCHS": 1,
        "TRAIN_ITERATIONS": 16,
        "MAXIMUM_LEARNING_RATE": 0.025,
        "MINIMUM_LEARNING_RATE": 0.001,
        "USE_SGDR": true,
        "BATCH_SIZE": 16,
        "SGDR_EPOCHS_PER_RESTART": 16,
        "SGDR_LR_DECAY": 0.8,
        "SGDR_PERIOD_DECAY": 2,
        "DROP_PATH_CHANCE": 0.6,
        "DROP_PATH_TOTAL_STEPS_MULTI": 1,
        "IDENTITY_THRESHOLD": 0.0
    },
    "model_name": "evo_1594559758.5366497",
    "metrics": {
        "accuracy": [
            0.5062999725341797,
            0.6538000106811523,
            0.7210999727249146,
            0.7724999785423279,
            0.7754999995231628,
            0.8008000254631042,
            0.8251000046730042,
            0.826200008392334,
            0.8355000019073486,
            0.8575000166893005,
            0.8666999936103821,
            0.8658999800682068,
            0.8705999851226807,
            0.8723999857902527,
            0.8715000152587891,
            0.871399998664856
        ],
        "average_train_time": [
            0.013882710628509522,
            0.013011394691467285,
            0.01300750943660736,
            0.01303430227279663,
            0.013013360600471497,
            0.013014935760498047,
            0.01304291877746582,
            0.01303543303489685,
            0.01312384859085083,
            0.013033406262397766,
            0.013055740027427673,
            0.013074239926338195,
            0.013069220004081726,
            0.007689885077476501,
            0.007397382130622864,
            0.007393565769195557
        ],
        "average_inference_time": [
            0.0021917001247406006,
            0.0017828742742538452,
            0.0017627813577651978,
            0.0017682403564453124,
            0.001763800072669983,
            0.001766099977493286,
            0.0017833091020584106,
            0.0017826000452041625,
            0.0017628148078918458,
            0.0017635000705718993,
            0.0017684000015258789,
            0.0017679001569747925,
            0.0017656998634338378,
            0.00227158420085907,
            0.001830110239982605,
            0.0018427497386932373
        ],
        "compile_time": 0.09702897071838379,
        "build_time": 15.517645597457886,
        "save_time": 3.097378730773926,
        "mutation_info": {
            "parent": "",
            "cell_index": 0,
            "group_index": 0,
            "item_index": 0,
            "mutation_type": 0,
            "mutation_subtype": 0
        },
        "flops": 0
    },
    "parent_model_name": ""
}