{
    "embedding": [
        7,
        0,
        2,
        1,
        5,
        1,
        7,
        2,
        6,
        3,
        8,
        3,
        0,
        4,
        2,
        2,
        1,
        0,
        5,
        2,
        3,
        0,
        8,
        1,
        2,
        2,
        5,
        1,
        4,
        3,
        2,
        1,
        2,
        2,
        4,
        2,
        4,
        1,
        6,
        2
    ],
    "hyperparameters": {
        "CELL_STACKS": [
            5,
            1
        ],
        "CELL_STRIDES": [
            1,
            2
        ],
        "CELL_INDEX_FOR_REDUCTION": 1,
        "GROUPS_PER_CELL": 5,
        "OPS_PER_GROUP": 2,
        "CELL_LAYERS": 3,
        "TARGET_FILTER_DIMS": 32,
        "REDUCTION_EXPANSION_FACTOR": 2,
        "REDUCTION_EXPANSION_BEFORE": false,
        "REDUCE_CURRENT": false,
        "PASS_RESIDUAL": true,
        "CONCATENATE_ALL": false,
        "TRAIN_EPOCHS": 1,
        "TRAIN_ITERATIONS": 16,
        "MAXIMUM_LEARNING_RATE": 0.025,
        "MINIMUM_LEARNING_RATE": 0.001,
        "USE_SGDR": true,
        "BATCH_SIZE": 16,
        "SGDR_EPOCHS_PER_RESTART": 16,
        "SGDR_LR_DECAY": 0.8,
        "SGDR_PERIOD_DECAY": 2,
        "DROP_PATH_CHANCE": 0.6,
        "DROP_PATH_TOTAL_STEPS_MULTI": 1,
        "IDENTITY_THRESHOLD": 0.0,
        "NORMAL_CELL_N": 6
    },
    "model_name": "evo_1595060982.8000367",
    "metrics": {
        "accuracy": [
            0.46309998631477356,
            0.5045999884605408,
            0.5525000095367432,
            0.5956000089645386,
            0.5885000228881836,
            0.6729000210762024,
            0.6879000067710876,
            0.6930000185966492,
            0.7314000129699707,
            0.724399983882904,
            0.7530999779701233,
            0.7552000284194946,
            0.7702999711036682,
            0.7759000062942505,
            0.7820000052452087,
            0.78329998254776
        ],
        "average_train_time": [
            0.011906501994132996,
            0.011161183581352234,
            0.011173364605903626,
            0.01114643075466156,
            0.011159138088226318,
            0.011205919561386108,
            0.011155173411369323,
            0.011179080195426941,
            0.011137870292663575,
            0.011159079041481019,
            0.011162810325622559,
            0.01115677312850952,
            0.011156523580551147,
            0.011164950213432312,
            0.011141821765899658,
            0.01112832187652588
        ],
        "average_inference_time": [
            0.0020944000005722048,
            0.0017922783613204957,
            0.0017957992553710937,
            0.001793600082397461,
            0.0017801110744476319,
            0.0017997999906539917,
            0.0017789000988006592,
            0.0017981520175933837,
            0.0017934998989105225,
            0.001796200680732727,
            0.0017867417335510254,
            0.0017969419240951537,
            0.0017880898237228394,
            0.0017986191034317016,
            0.001787179708480835,
            0.0017899735450744628
        ],
        "compile_time": 0.08599591255187988,
        "build_time": 13.68800163269043,
        "save_time": 2.056859254837036,
        "mutation_info": {
            "parent": "",
            "cell_index": 0,
            "group_index": 0,
            "item_index": 0,
            "mutation_type": 0,
            "mutation_subtype": 0
        },
        "flops": 0
    },
    "parent_model_name": ""
}