{
    "embedding": [
        1,
        0,
        5,
        1,
        8,
        1,
        5,
        0,
        6,
        2,
        2,
        2,
        1,
        1,
        8,
        1,
        2,
        4,
        2,
        2,
        0,
        0,
        3,
        1,
        3,
        0,
        1,
        2,
        6,
        0,
        4,
        0,
        8,
        2,
        1,
        4,
        0,
        3,
        6,
        1
    ],
    "hyperparameters": {
        "CELL_STACKS": [
            5,
            1
        ],
        "CELL_STRIDES": [
            1,
            2
        ],
        "CELL_INDEX_FOR_REDUCTION": 1,
        "GROUPS_PER_CELL": 5,
        "OPS_PER_GROUP": 2,
        "CELL_LAYERS": 3,
        "TARGET_FILTER_DIMS": 32,
        "REDUCTION_EXPANSION_FACTOR": 2,
        "REDUCTION_EXPANSION_BEFORE": false,
        "REDUCE_CURRENT": false,
        "PASS_RESIDUAL": true,
        "CONCATENATE_ALL": false,
        "TRAIN_EPOCHS": 1,
        "TRAIN_ITERATIONS": 16,
        "MAXIMUM_LEARNING_RATE": 0.025,
        "MINIMUM_LEARNING_RATE": 0.001,
        "USE_SGDR": true,
        "BATCH_SIZE": 16,
        "SGDR_EPOCHS_PER_RESTART": 16,
        "SGDR_LR_DECAY": 0.8,
        "SGDR_PERIOD_DECAY": 2,
        "DROP_PATH_CHANCE": 0.6,
        "DROP_PATH_TOTAL_STEPS_MULTI": 1,
        "IDENTITY_THRESHOLD": 0.0,
        "NORMAL_CELL_N": 6
    },
    "model_name": "evo_1594932636.0327518",
    "metrics": {
        "accuracy": [
            0.517799973487854,
            0.6661999821662903,
            0.6984999775886536,
            0.7454000115394592,
            0.7968000173568726,
            0.8090000152587891,
            0.8299000263214111,
            0.8219000101089478,
            0.8481000065803528,
            0.8590999841690063,
            0.8644000291824341,
            0.8671000003814697,
            0.8748000264167786,
            0.8766000270843506,
            0.8763999938964844,
            0.8759999871253967
        ],
        "average_train_time": [
            0.016495559988021852,
            0.015427148847579956,
            0.015223421006202697,
            0.01545276319026947,
            0.015122960023880005,
            0.06082111576080322,
            0.015922575249671937,
            0.016153429288864134,
            0.015518986592292786,
            0.01831306941986084,
            0.01720907476902008,
            0.017437876110076904,
            0.0173981698846817,
            0.01693442118167877,
            0.016504282126426698,
            0.016179844212532043
        ],
        "average_inference_time": [
            0.0027242002010345458,
            0.002273499941825867,
            0.002290909433364868,
            0.002215400004386902,
            0.0022264002323150634,
            0.002441700005531311,
            0.0023133995532989503,
            0.002281303071975708,
            0.0022485002279281617,
            0.0026216175556182863,
            0.002386914610862732,
            0.002268052124977112,
            0.0023876463651657104,
            0.002394000005722046,
            0.0024604679107666015,
            0.0023196014642715454
        ],
        "compile_time": 0.12100028991699219,
        "build_time": 22.640997648239136,
        "save_time": 3.4901111125946045,
        "mutation_info": {
            "parent": "",
            "cell_index": 0,
            "group_index": 0,
            "item_index": 0,
            "mutation_type": 0,
            "mutation_subtype": 0
        },
        "flops": 0
    },
    "parent_model_name": ""
}