{
    "embedding": [
        2,
        0,
        5,
        1,
        4,
        1,
        2,
        1,
        3,
        2,
        7,
        1,
        2,
        4,
        3,
        0,
        8,
        4,
        8,
        5,
        2,
        0,
        8,
        1,
        8,
        0,
        2,
        0,
        6,
        2,
        7,
        0,
        3,
        1,
        6,
        1,
        4,
        1,
        2,
        1
    ],
    "hyperparameters": {
        "CELL_STACKS": [
            5,
            1
        ],
        "CELL_STRIDES": [
            1,
            2
        ],
        "CELL_INDEX_FOR_REDUCTION": 1,
        "GROUPS_PER_CELL": 5,
        "OPS_PER_GROUP": 2,
        "CELL_LAYERS": 3,
        "TARGET_FILTER_DIMS": 24,
        "REDUCTION_EXPANSION_FACTOR": 2,
        "REDUCTION_EXPANSION_BEFORE": false,
        "REDUCE_CURRENT": false,
        "PASS_RESIDUAL": true,
        "CONCATENATE_ALL": false,
        "TRAIN_EPOCHS": 1,
        "TRAIN_ITERATIONS": 16,
        "MAXIMUM_LEARNING_RATE": 0.025,
        "MINIMUM_LEARNING_RATE": 0.001,
        "USE_SGDR": true,
        "BATCH_SIZE": 16,
        "SGDR_EPOCHS_PER_RESTART": 16,
        "SGDR_LR_DECAY": 0.8,
        "SGDR_PERIOD_DECAY": 2,
        "DROP_PATH_CHANCE": 0.6,
        "DROP_PATH_TOTAL_STEPS_MULTI": 1,
        "IDENTITY_THRESHOLD": 0.0
    },
    "model_name": "evo_1594646627.5656176",
    "metrics": {
        "accuracy": [
            0.44679999351501465,
            0.5709999799728394,
            0.6601999998092651,
            0.6672000288963318,
            0.739300012588501,
            0.7570000290870667,
            0.7929999828338623,
            0.7942000031471252,
            0.8037999868392944,
            0.8222000002861023,
            0.8276000022888184,
            0.830299973487854,
            0.8321999907493591,
            0.8367000222206116,
            0.8359000086784363,
            0.8364999890327454
        ],
        "average_train_time": [
            0.014372202920913697,
            0.013417160081863404,
            0.013388505463600158,
            0.01345648940563202,
            0.013428725352287292,
            0.013436320033073426,
            0.013490878229141235,
            0.008638795399665833,
            0.008302140984535217,
            0.007926765556335449,
            0.007798680925369263,
            0.007715640029907226,
            0.007701939988136291,
            0.007703112540245056,
            0.007726895451545715,
            0.007887897129058838
        ],
        "average_inference_time": [
            0.0023407999992370605,
            0.0019099935293197632,
            0.0019177939176559448,
            0.0019207998275756835,
            0.0019039001941680907,
            0.0019075370788574218,
            0.002006899809837341,
            0.0029297133207321167,
            0.0020100005388259887,
            0.002001200604438782,
            0.0019555000305175783,
            0.001952500343322754,
            0.0019552001237869263,
            0.001962400054931641,
            0.0019521999835968018,
            0.002264563775062561
        ],
        "compile_time": 0.11098217964172363,
        "build_time": 15.1961829662323,
        "save_time": 2.9501516819000244,
        "mutation_info": {
            "parent": "",
            "cell_index": 0,
            "group_index": 0,
            "item_index": 0,
            "mutation_type": 0,
            "mutation_subtype": 0
        },
        "flops": 0
    },
    "parent_model_name": ""
}