{
    "embedding": [
        7,
        0,
        5,
        1,
        6,
        1,
        4,
        0,
        8,
        2,
        7,
        3,
        6,
        0,
        1,
        1,
        1,
        3,
        0,
        0,
        3,
        5,
        8,
        1,
        1,
        5,
        5,
        0,
        5,
        0,
        2,
        1,
        4,
        2,
        5,
        1,
        3,
        2,
        1,
        1,
        6,
        0,
        4,
        4,
        0,
        1,
        3,
        1,
        3,
        2,
        1,
        4,
        6,
        0,
        4,
        0
    ],
    "hyperparameters": {
        "CELL_STACKS": [
            3,
            1
        ],
        "CELL_STRIDES": [
            1,
            2
        ],
        "CELL_INDEX_FOR_REDUCTION": 1,
        "GROUPS_PER_CELL": 7,
        "OPS_PER_GROUP": 2,
        "CELL_LAYERS": 2,
        "TARGET_FILTER_DIMS": 16,
        "REDUCTION_EXPANSION_FACTOR": 2,
        "REDUCTION_EXPANSION_BEFORE": false,
        "REDUCE_CURRENT": false,
        "PASS_RESIDUAL": true,
        "CONCATENATE_ALL": false,
        "TRAIN_EPOCHS": 1,
        "TRAIN_ITERATIONS": 16,
        "MAXIMUM_LEARNING_RATE": 0.025,
        "MINIMUM_LEARNING_RATE": 0.001,
        "USE_SGDR": true,
        "BATCH_SIZE": 16,
        "SGDR_EPOCHS_PER_RESTART": 16,
        "SGDR_LR_DECAY": 0.8,
        "SGDR_PERIOD_DECAY": 2,
        "DROP_PATH_CHANCE": 0.6,
        "DROP_PATH_TOTAL_STEPS_MULTI": 1,
        "IDENTITY_THRESHOLD": 0.0
    },
    "model_name": "evo_1596200904.2542126",
    "metrics": {
        "accuracy": [
            0.5515999794006348,
            0.6455000042915344,
            0.6310999989509583,
            0.6898999810218811,
            0.7342000007629395,
            0.7594000101089478,
            0.7752000093460083,
            0.7892000079154968,
            0.8033999800682068,
            0.8082000017166138,
            0.8216000199317932,
            0.8285999894142151,
            0.8299999833106995,
            0.8328999876976013,
            0.8360000252723694,
            0.8360000252723694
        ],
        "average_train_time": [
            0.008852740077972413,
            0.008196850304603577,
            0.008276810793876647,
            0.008162370257377625,
            0.008334419984817504,
            0.00824866003036499,
            0.008186039967536926,
            0.00820897023677826,
            0.008152339916229248,
            0.008236470289230347,
            0.008226959080696107,
            0.008223561525344848,
            0.008226080584526061,
            0.008008540940284728,
            0.008072370710372924,
            0.008233220477104187
        ],
        "average_inference_time": [
            0.0013556998014450073,
            0.0010986000776290893,
            0.0011235999345779418,
            0.001098300313949585,
            0.0011040999412536621,
            0.0011094998836517335,
            0.0011256001472473144,
            0.0011002000093460083,
            0.0011027001857757568,
            0.0011012002944946289,
            0.0010999001264572143,
            0.0011051998376846314,
            0.0011001617193222046,
            0.0011031290292739869,
            0.0011014999628067017,
            0.001099600100517273
        ],
        "compile_time": 0.07599902153015137,
        "build_time": 11.34000015258789,
        "save_time": 0.9419999122619629,
        "mutation_info": {
            "parent": "",
            "cell_index": 0,
            "group_index": 0,
            "item_index": 0,
            "mutation_type": 0,
            "mutation_subtype": 0
        },
        "flops": 0
    },
    "parent_model_name": ""
}