{
    "embedding": [
        2,
        0,
        5,
        1,
        4,
        1,
        2,
        1,
        3,
        2,
        7,
        1,
        2,
        4,
        3,
        0,
        8,
        4,
        8,
        5,
        2,
        0,
        8,
        1,
        8,
        0,
        2,
        0,
        6,
        2,
        7,
        0,
        3,
        1,
        6,
        1,
        4,
        1,
        2,
        1
    ],
    "hyperparameters": {
        "CELL_STACKS": [
            3,
            1
        ],
        "CELL_STRIDES": [
            1,
            2
        ],
        "CELL_INDEX_FOR_REDUCTION": 1,
        "GROUPS_PER_CELL": 5,
        "OPS_PER_GROUP": 2,
        "CELL_LAYERS": 3,
        "TARGET_FILTER_DIMS": 24,
        "REDUCTION_EXPANSION_FACTOR": 2,
        "REDUCTION_EXPANSION_BEFORE": false,
        "REDUCE_CURRENT": false,
        "PASS_RESIDUAL": true,
        "CONCATENATE_ALL": false,
        "TRAIN_EPOCHS": 1,
        "TRAIN_ITERATIONS": 32,
        "MAXIMUM_LEARNING_RATE": 0.025,
        "MINIMUM_LEARNING_RATE": 0.001,
        "USE_SGDR": true,
        "BATCH_SIZE": 16,
        "SGDR_EPOCHS_PER_RESTART": 32,
        "SGDR_LR_DECAY": 0.8,
        "SGDR_PERIOD_DECAY": 2,
        "DROP_PATH_CHANCE": 0.6,
        "DROP_PATH_TOTAL_STEPS_MULTI": 1,
        "IDENTITY_THRESHOLD": 0.0
    },
    "model_name": "evo_1593861561.7779105",
    "metrics": {
        "accuracy": [
            0.5626000165939331,
            0.6693999767303467,
            0.7032999992370605,
            0.7562999725341797,
            0.7746999859809875,
            0.7757999897003174,
            0.7756999731063843,
            0.8134999871253967,
            0.809499979019165,
            0.8219000101089478,
            0.8274000287055969,
            0.8291000127792358,
            0.8456000089645386,
            0.8245999813079834,
            0.8370000123977661,
            0.8379999995231628,
            0.840399980545044,
            0.8493000268936157,
            0.8424999713897705,
            0.847000002861023,
            0.853600025177002,
            0.8565000295639038,
            0.857699990272522,
            0.8600999712944031,
            0.857200026512146,
            0.8605999946594238,
            0.8644000291824341,
            0.8634999990463257,
            0.8637999892234802,
            0.8686000108718872,
            0.8669999837875366,
            0.8676000237464905
        ],
        "average_train_time": [
            0.009664408736228943,
            0.008973890256881714,
            0.009015667791366578,
            0.008963715510368347,
            0.009010970163345337,
            0.008970310158729553,
            0.009008630118370057,
            0.009008930253982543,
            0.009040413937568664,
            0.008969600043296813,
            0.009049760046005249,
            0.00904193956375122,
            0.00899578999042511,
            0.008946600441932679,
            0.009059870553016663,
            0.008967871675491334,
            0.009007029004096985,
            0.009045870909690857,
            0.009008625268936157,
            0.009030469799041749,
            0.009019910259246826,
            0.008969928374290467,
            0.00898931016921997,
            0.009015366444587707,
            0.009064931945800781,
            0.008971199984550477,
            0.009022019548416138,
            0.0089840101146698,
            0.00894364001750946,
            0.009006525454521179,
            0.008977703337669372,
            0.009065543136596679
        ],
        "average_inference_time": [
            0.0015326007843017577,
            0.0012710755825042724,
            0.0012969999313354492,
            0.0012731955766677855,
            0.0012670999288558959,
            0.001268900442123413,
            0.0012861005067825318,
            0.0012849509477615357,
            0.0012728999137878417,
            0.0012696995496749878,
            0.0012870004892349242,
            0.0012670021772384643,
            0.0012664013385772705,
            0.0012649994134902953,
            0.0012847997426986694,
            0.001268300461769104,
            0.0012693006992340087,
            0.001268099808692932,
            0.0012869645357131958,
            0.0012661002159118652,
            0.001274445414543152,
            0.001287000036239624,
            0.0012900786876678468,
            0.0012746001720428466,
            0.0012746647834777833,
            0.0012884999275207519,
            0.001282699942588806,
            0.0012703381538391114,
            0.0012706093549728393,
            0.001272262406349182,
            0.001288900089263916,
            0.0012897273540496826
        ],
        "compile_time": 0.07500123977661133,
        "build_time": 11.07573413848877,
        "save_time": 1.6066224575042725,
        "mutation_info": {
            "parent": "",
            "cell_index": 0,
            "group_index": 0,
            "item_index": 0,
            "mutation_type": 0,
            "mutation_subtype": 0
        },
        "flops": 0
    },
    "parent_model_name": ""
}