{
    "embedding": [
        4,
        0,
        6,
        1,
        3,
        1,
        5,
        1,
        8,
        1,
        3,
        3,
        5,
        3,
        8,
        2,
        0,
        0,
        7,
        0,
        7,
        0,
        7,
        1,
        4,
        2,
        7,
        2,
        1,
        0,
        8,
        2,
        2,
        2,
        6,
        2,
        0,
        2,
        5,
        3
    ],
    "hyperparameters": {
        "CELL_STACKS": [
            3,
            1
        ],
        "CELL_STRIDES": [
            1,
            2
        ],
        "CELL_INDEX_FOR_REDUCTION": 1,
        "GROUPS_PER_CELL": 5,
        "OPS_PER_GROUP": 2,
        "CELL_LAYERS": 3,
        "TARGET_FILTER_DIMS": 24,
        "REDUCTION_EXPANSION_FACTOR": 2,
        "REDUCTION_EXPANSION_BEFORE": false,
        "REDUCE_CURRENT": false,
        "PASS_RESIDUAL": true,
        "CONCATENATE_ALL": false,
        "TRAIN_EPOCHS": 1,
        "TRAIN_ITERATIONS": 32,
        "MAXIMUM_LEARNING_RATE": 0.025,
        "MINIMUM_LEARNING_RATE": 0.001,
        "USE_SGDR": true,
        "BATCH_SIZE": 16,
        "SGDR_EPOCHS_PER_RESTART": 32,
        "SGDR_LR_DECAY": 0.8,
        "SGDR_PERIOD_DECAY": 2,
        "DROP_PATH_CHANCE": 0.6,
        "DROP_PATH_TOTAL_STEPS_MULTI": 1,
        "IDENTITY_THRESHOLD": 0.0
    },
    "model_name": "evo_1593667937.9980776",
    "metrics": {
        "accuracy": [
            0.6190999746322632,
            0.6790000200271606,
            0.7067999839782715,
            0.766700029373169,
            0.7735999822616577,
            0.8052999973297119,
            0.775600016117096,
            0.7912999987602234,
            0.8269000053405762,
            0.8339999914169312,
            0.8299999833106995,
            0.8374999761581421,
            0.8485999703407288,
            0.8414999842643738,
            0.8442000150680542,
            0.8384000062942505,
            0.8478000164031982,
            0.8529000282287598,
            0.857699990272522,
            0.86080002784729,
            0.849399983882904,
            0.8658999800682068,
            0.8647000193595886,
            0.8650000095367432,
            0.8644000291824341,
            0.8676000237464905,
            0.8672999739646912,
            0.8701000213623047,
            0.8690000176429749,
            0.8668000102043152,
            0.8683000206947327,
            0.868399977684021
        ],
        "average_train_time": [
            0.009633140106201171,
            0.008646670670509338,
            0.008540319900512695,
            0.008466937789916992,
            0.008547579908370972,
            0.00920040044784546,
            0.005057848792076111,
            0.004913120517730713,
            0.004896483240127564,
            0.0048782320737838746,
            0.004861399941444397,
            0.004850721759796142,
            0.004849470748901367,
            0.004835892200469971,
            0.004835959568023682,
            0.0048376016664505,
            0.0048397728729248045,
            0.004832999439239502,
            0.004829359908103943,
            0.004839786329269409,
            0.004834105067253113,
            0.004829536190032959,
            0.004837765283584595,
            0.004841679005622864,
            0.004835320019721985,
            0.004833867611885071,
            0.004848477392196656,
            0.0048404237651824954,
            0.004831540026664734,
            0.00483832046508789,
            0.004845624527931213,
            0.004832779507637024
        ],
        "average_inference_time": [
            0.0015980374097824097,
            0.0013094005107879639,
            0.0013011640548706055,
            0.0013022318840026856,
            0.0013114999055862428,
            0.0013353233337402345,
            0.0015446004152297973,
            0.0013166003942489625,
            0.001317908763885498,
            0.001307700252532959,
            0.0013006996631622315,
            0.0013075237274169922,
            0.0013041656970977783,
            0.0012997999429702758,
            0.0013005003452301025,
            0.0012979427576065065,
            0.0012933018684387206,
            0.0012884000062942506,
            0.0012874998092651368,
            0.0012854750156402587,
            0.0012879998683929443,
            0.0012875378608703614,
            0.0012902683973312378,
            0.0012856488466262818,
            0.0012828002452850342,
            0.0012856926679611206,
            0.0012839998006820678,
            0.0012854002237319946,
            0.0012843006372451782,
            0.0012898145437240602,
            0.0012861998558044434,
            0.001285499906539917
        ],
        "compile_time": 0.07001614570617676,
        "build_time": 12.36715817451477,
        "save_time": 1.6460762023925781,
        "mutation_info": {
            "parent": "",
            "cell_index": 0,
            "group_index": 0,
            "item_index": 0,
            "mutation_type": 0,
            "mutation_subtype": 0
        },
        "flops": 0
    },
    "parent_model_name": ""
}