{
    "embedding": [
        6,
        0,
        6,
        1,
        4,
        2,
        5,
        0,
        2,
        3,
        0,
        1,
        6,
        0,
        7,
        4,
        0,
        1,
        4,
        3,
        8,
        0,
        7,
        1,
        2,
        1,
        8,
        2,
        5,
        3,
        7,
        3,
        5,
        1,
        0,
        4,
        8,
        2,
        4,
        0
    ],
    "hyperparameters": {
        "CELL_STACKS": [
            5,
            1
        ],
        "CELL_STRIDES": [
            1,
            2
        ],
        "CELL_INDEX_FOR_REDUCTION": 1,
        "GROUPS_PER_CELL": 5,
        "OPS_PER_GROUP": 2,
        "CELL_LAYERS": 3,
        "TARGET_FILTER_DIMS": 32,
        "REDUCTION_EXPANSION_FACTOR": 2,
        "REDUCTION_EXPANSION_BEFORE": false,
        "REDUCE_CURRENT": false,
        "PASS_RESIDUAL": true,
        "CONCATENATE_ALL": false,
        "TRAIN_EPOCHS": 1,
        "TRAIN_ITERATIONS": 16,
        "MAXIMUM_LEARNING_RATE": 0.025,
        "MINIMUM_LEARNING_RATE": 0.001,
        "USE_SGDR": true,
        "BATCH_SIZE": 16,
        "SGDR_EPOCHS_PER_RESTART": 16,
        "SGDR_LR_DECAY": 0.8,
        "SGDR_PERIOD_DECAY": 2,
        "DROP_PATH_CHANCE": 0.6,
        "DROP_PATH_TOTAL_STEPS_MULTI": 1,
        "IDENTITY_THRESHOLD": 0.0,
        "NORMAL_CELL_N": 6
    },
    "model_name": "evo_1594968028.5962076",
    "metrics": {
        "accuracy": [
            0.4368000030517578,
            0.5587000250816345,
            0.6355000138282776,
            0.6513000130653381,
            0.6492000222206116,
            0.708899974822998,
            0.7073000073432922,
            0.7735999822616577,
            0.7689999938011169,
            0.7888000011444092,
            0.7889999747276306,
            0.7949000000953674,
            0.8062000274658203,
            0.8156999945640564,
            0.8156999945640564,
            0.8176000118255615
        ],
        "average_train_time": [
            0.015352964797019959,
            0.01870480595111847,
            0.012933511686325073,
            0.011096660017967224,
            0.011087067136764526,
            0.011105637159347535,
            0.01102887077331543,
            0.011041702246665954,
            0.011050188584327698,
            0.011075007371902465,
            0.011031967644691467,
            0.011043752479553222,
            0.011026033439636231,
            0.011028224835395813,
            0.01103905918121338,
            0.011063387908935548
        ],
        "average_inference_time": [
            0.0022126994371414184,
            0.002716476345062256,
            0.0015613999843597413,
            0.0015581274271011354,
            0.0015549376010894776,
            0.0015577324390411377,
            0.001554404854774475,
            0.001552899956703186,
            0.001553984498977661,
            0.0015539422035217285,
            0.001554099941253662,
            0.0015644999742507935,
            0.001553833246231079,
            0.0015535343647003173,
            0.0015527002096176147,
            0.0015589001417160035
        ],
        "compile_time": 0.10698127746582031,
        "build_time": 17.72601819038391,
        "save_time": 2.1672515869140625,
        "mutation_info": {
            "parent": "",
            "cell_index": 0,
            "group_index": 0,
            "item_index": 0,
            "mutation_type": 0,
            "mutation_subtype": 0
        },
        "flops": 0
    },
    "parent_model_name": ""
}