{
    "embedding": [
        0,
        0,
        5,
        1,
        8,
        1,
        0,
        1,
        4,
        2,
        3,
        3,
        3,
        3,
        4,
        0,
        2,
        4,
        3,
        0,
        5,
        0,
        7,
        1,
        8,
        1,
        7,
        0,
        4,
        2,
        8,
        3,
        8,
        4,
        0,
        4,
        8,
        1,
        2,
        2
    ],
    "hyperparameters": {
        "CELL_STACKS": [
            6,
            1
        ],
        "CELL_STRIDES": [
            1,
            2
        ],
        "CELL_INDEX_FOR_REDUCTION": 1,
        "GROUPS_PER_CELL": 5,
        "OPS_PER_GROUP": 2,
        "CELL_LAYERS": 3,
        "TARGET_FILTER_DIMS": 32,
        "REDUCTION_EXPANSION_FACTOR": 2,
        "REDUCTION_EXPANSION_BEFORE": false,
        "REDUCE_CURRENT": false,
        "PASS_RESIDUAL": true,
        "CONCATENATE_ALL": false,
        "TRAIN_EPOCHS": 1,
        "TRAIN_ITERATIONS": 32,
        "MAXIMUM_LEARNING_RATE": 0.025,
        "MINIMUM_LEARNING_RATE": 0.001,
        "USE_SGDR": true,
        "BATCH_SIZE": 16,
        "SGDR_EPOCHS_PER_RESTART": 32,
        "SGDR_LR_DECAY": 0.8,
        "SGDR_PERIOD_DECAY": 2,
        "DROP_PATH_CHANCE": 0.6,
        "DROP_PATH_TOTAL_STEPS_MULTI": 1,
        "IDENTITY_THRESHOLD": 0.0
    },
    "model_name": "evo_1595144309.1030688",
    "metrics": {
        "accuracy": [
            0.35030001401901245,
            0.5636000037193298,
            0.6513000130653381,
            0.6504999995231628,
            0.738099992275238,
            0.7749999761581421,
            0.7797999978065491,
            0.7925999760627747,
            0.779699981212616,
            0.8216000199317932,
            0.8184000253677368,
            0.8281999826431274,
            0.8378999829292297,
            0.8450000286102295,
            0.8169999718666077,
            0.8406999707221985,
            0.8366000056266785,
            0.8468000292778015,
            0.8349000215530396,
            0.857200026512146,
            0.852400004863739,
            0.8486999869346619,
            0.8586000204086304,
            0.8579000234603882,
            0.8626999855041504,
            0.8600000143051147,
            0.8644000291824341,
            0.8622999787330627,
            0.8647000193595886,
            0.8654000163078308,
            0.8655999898910522,
            0.8657000064849854
        ],
        "average_train_time": [
            0.0183618447971344,
            0.016005184292793274,
            0.0159937006855011,
            0.015997143340110778,
            0.015998450288772583,
            0.015991968355178833,
            0.016020460586547852,
            0.01605293592453003,
            0.016017752461433412,
            0.016032694702148437,
            0.01605021087169647,
            0.0160377987575531,
            0.016030125408172606,
            0.016068704805374145,
            0.01608459759235382,
            0.016011192321777345,
            0.01606934820175171,
            0.016045843896865846,
            0.01604133113861084,
            0.015983434262275695,
            0.01603293073654175,
            0.0160139710187912,
            0.01601189956665039,
            0.01603000041484833,
            0.01601723313331604,
            0.015981111645698546,
            0.01599669729232788,
            0.015984417576789856,
            0.0159926739692688,
            0.015991547765731813,
            0.015984503660202026,
            0.01596680052280426
        ],
        "average_inference_time": [
            0.0027382999420166015,
            0.0023000511169433595,
            0.0022903000593185426,
            0.002298009753227234,
            0.002293931007385254,
            0.002305300259590149,
            0.0023093401908874512,
            0.002302200222015381,
            0.002305199956893921,
            0.002308199977874756,
            0.0022992998838424683,
            0.0023008540391921996,
            0.0023022002458572386,
            0.0022998000621795656,
            0.0022947999715805054,
            0.00229932644367218,
            0.0022999751329422,
            0.0022995197772979737,
            0.00230908944606781,
            0.002296699857711792,
            0.0022844992399215698,
            0.002295799994468689,
            0.002284400153160095,
            0.0022895997762680054,
            0.002284200358390808,
            0.0022851008176803587,
            0.002288899755477905,
            0.002283617663383484,
            0.002278780937194824,
            0.0022774132490158082,
            0.002298595118522644,
            0.0022854260206222536
        ],
        "compile_time": 0.1250004768371582,
        "build_time": 24.01099944114685,
        "save_time": 3.5322954654693604,
        "mutation_info": {
            "parent": "",
            "cell_index": 0,
            "group_index": 0,
            "item_index": 0,
            "mutation_type": 0,
            "mutation_subtype": 0
        },
        "flops": 0
    },
    "parent_model_name": ""
}