{
    "embedding": [
        2,
        0,
        4,
        1,
        2,
        2,
        3,
        2,
        0,
        0,
        6,
        3,
        2,
        3,
        3,
        3,
        3,
        3,
        1,
        1,
        4,
        0,
        0,
        1,
        4,
        2,
        2,
        0,
        5,
        2,
        0,
        3,
        4,
        2,
        6,
        2,
        3,
        1,
        8,
        0
    ],
    "hyperparameters": {
        "CELL_STACKS": [
            5,
            1
        ],
        "CELL_STRIDES": [
            1,
            2
        ],
        "CELL_INDEX_FOR_REDUCTION": 1,
        "GROUPS_PER_CELL": 5,
        "OPS_PER_GROUP": 2,
        "CELL_LAYERS": 3,
        "TARGET_FILTER_DIMS": 32,
        "REDUCTION_EXPANSION_FACTOR": 2,
        "REDUCTION_EXPANSION_BEFORE": false,
        "REDUCE_CURRENT": false,
        "PASS_RESIDUAL": true,
        "CONCATENATE_ALL": false,
        "TRAIN_EPOCHS": 1,
        "TRAIN_ITERATIONS": 16,
        "MAXIMUM_LEARNING_RATE": 0.025,
        "MINIMUM_LEARNING_RATE": 0.001,
        "USE_SGDR": true,
        "BATCH_SIZE": 16,
        "SGDR_EPOCHS_PER_RESTART": 16,
        "SGDR_LR_DECAY": 0.8,
        "SGDR_PERIOD_DECAY": 2,
        "DROP_PATH_CHANCE": 0.6,
        "DROP_PATH_TOTAL_STEPS_MULTI": 1,
        "IDENTITY_THRESHOLD": 0.0,
        "NORMAL_CELL_N": 6
    },
    "model_name": "evo_1594990056.9253318",
    "metrics": {
        "accuracy": [
            0.39410001039505005,
            0.4961000084877014,
            0.5648999810218811,
            0.5961999893188477,
            0.6696000099182129,
            0.7300999760627747,
            0.7369999885559082,
            0.7694000005722046,
            0.7883999943733215,
            0.8069000244140625,
            0.8155999779701233,
            0.8220000267028809,
            0.822700023651123,
            0.8266000151634216,
            0.8317000269889832,
            0.8320000171661377
        ],
        "average_train_time": [
            0.014307472410202027,
            0.01344888509273529,
            0.013422360396385193,
            0.013445836033821107,
            0.013446147084236144,
            0.013453629865646362,
            0.013525949521064758,
            0.013536200046539307,
            0.013465680079460144,
            0.013439348611831665,
            0.013728404498100281,
            0.013443138599395752,
            0.013655489087104797,
            0.014778493618965148,
            0.015430057101249695,
            0.016124049077033995
        ],
        "average_inference_time": [
            0.002297100043296814,
            0.001902980375289917,
            0.0019060001850128173,
            0.0019058701753616332,
            0.0019080003499984742,
            0.0019157780408859252,
            0.0019119997739791871,
            0.0019057483911514282,
            0.0019047912359237671,
            0.0019090000629425048,
            0.0019053457498550415,
            0.001918799924850464,
            0.002062652373313904,
            0.0019573025703430178,
            0.002222643494606018,
            0.00208996798992157
        ],
        "compile_time": 0.09300041198730469,
        "build_time": 15.355432987213135,
        "save_time": 2.5319995880126953,
        "mutation_info": {
            "parent": "",
            "cell_index": 0,
            "group_index": 0,
            "item_index": 0,
            "mutation_type": 0,
            "mutation_subtype": 0
        },
        "flops": 0
    },
    "parent_model_name": ""
}