{
    "embedding": [
        2,
        0,
        3,
        1,
        5,
        1,
        7,
        2,
        1,
        1,
        8,
        3,
        8,
        3,
        6,
        1,
        4,
        1,
        0,
        1,
        1,
        0,
        3,
        1,
        2,
        1,
        5,
        1,
        4,
        3,
        1,
        0,
        5,
        3,
        1,
        1,
        3,
        0,
        8,
        2
    ],
    "hyperparameters": {
        "CELL_STACKS": [
            5,
            1
        ],
        "CELL_STRIDES": [
            1,
            2
        ],
        "CELL_INDEX_FOR_REDUCTION": 1,
        "GROUPS_PER_CELL": 5,
        "OPS_PER_GROUP": 2,
        "CELL_LAYERS": 3,
        "TARGET_FILTER_DIMS": 32,
        "REDUCTION_EXPANSION_FACTOR": 2,
        "REDUCTION_EXPANSION_BEFORE": false,
        "REDUCE_CURRENT": false,
        "PASS_RESIDUAL": true,
        "CONCATENATE_ALL": false,
        "TRAIN_EPOCHS": 1,
        "TRAIN_ITERATIONS": 16,
        "MAXIMUM_LEARNING_RATE": 0.025,
        "MINIMUM_LEARNING_RATE": 0.001,
        "USE_SGDR": true,
        "BATCH_SIZE": 16,
        "SGDR_EPOCHS_PER_RESTART": 16,
        "SGDR_LR_DECAY": 0.8,
        "SGDR_PERIOD_DECAY": 2,
        "DROP_PATH_CHANCE": 0.6,
        "DROP_PATH_TOTAL_STEPS_MULTI": 1,
        "IDENTITY_THRESHOLD": 0.0
    },
    "model_name": "evo_1594948395.823659",
    "metrics": {
        "accuracy": [
            0.5133000016212463,
            0.6104000210762024,
            0.6811000108718872,
            0.708899974822998,
            0.7791000008583069,
            0.7465000152587891,
            0.8152999877929688,
            0.819599986076355,
            0.8409000039100647,
            0.839900016784668,
            0.8471999764442444,
            0.8499000072479248,
            0.8525999784469604,
            0.8601999878883362,
            0.8593000173568726,
            0.8615000247955322
        ],
        "average_train_time": [
            0.01845692784309387,
            0.018985199465751647,
            0.01737906326293945,
            0.01871898691177368,
            0.017891844592094423,
            0.016331570262908934,
            0.01619613799571991,
            0.02977178409099579,
            0.011839137682914733,
            0.010973576374053955,
            0.010797320580482482,
            0.010795009622573853,
            0.010626853981018066,
            0.0105627352809906,
            0.01074963854789734,
            0.010428208184242248
        ],
        "average_inference_time": [
            0.0031248110055923464,
            0.0028980999946594237,
            0.0026202998399734497,
            0.0028361300706863405,
            0.002752706575393677,
            0.0025534001111984254,
            0.0025565998792648316,
            0.008696674275398254,
            0.0036124061107635497,
            0.002805800461769104,
            0.0028052513122558595,
            0.0027522478103637693,
            0.0027543227910995483,
            0.002760337162017822,
            0.0028225173234939574,
            0.0027048489093780517
        ],
        "compile_time": 0.12500286102294922,
        "build_time": 20.1729998588562,
        "save_time": 3.491929292678833,
        "mutation_info": {
            "parent": "",
            "cell_index": 0,
            "group_index": 0,
            "item_index": 0,
            "mutation_type": 0,
            "mutation_subtype": 0
        },
        "flops": 0
    },
    "parent_model_name": ""
}