{
    "embedding": [
        3,
        0,
        3,
        1,
        3,
        0,
        8,
        0,
        7,
        0,
        4,
        3,
        5,
        1,
        0,
        1,
        0,
        0,
        2,
        2,
        1,
        0,
        2,
        1,
        1,
        0,
        5,
        0,
        3,
        3,
        1,
        3,
        8,
        3,
        0,
        2,
        2,
        4,
        5,
        1
    ],
    "hyperparameters": {
        "CELL_STACKS": [
            5,
            1
        ],
        "CELL_STRIDES": [
            1,
            2
        ],
        "CELL_INDEX_FOR_REDUCTION": 1,
        "GROUPS_PER_CELL": 5,
        "OPS_PER_GROUP": 2,
        "CELL_LAYERS": 3,
        "TARGET_FILTER_DIMS": 24,
        "REDUCTION_EXPANSION_FACTOR": 2,
        "REDUCTION_EXPANSION_BEFORE": false,
        "REDUCE_CURRENT": false,
        "PASS_RESIDUAL": true,
        "CONCATENATE_ALL": false,
        "TRAIN_EPOCHS": 1,
        "TRAIN_ITERATIONS": 16,
        "MAXIMUM_LEARNING_RATE": 0.025,
        "MINIMUM_LEARNING_RATE": 0.001,
        "USE_SGDR": true,
        "BATCH_SIZE": 16,
        "SGDR_EPOCHS_PER_RESTART": 16,
        "SGDR_LR_DECAY": 0.8,
        "SGDR_PERIOD_DECAY": 2,
        "DROP_PATH_CHANCE": 0.6,
        "DROP_PATH_TOTAL_STEPS_MULTI": 1,
        "IDENTITY_THRESHOLD": 0.0,
        "NORMAL_CELL_N": 3
    },
    "model_name": "evo_1594634392.1854033",
    "metrics": {
        "accuracy": [
            0.515500009059906,
            0.6333000063896179,
            0.6761000156402588,
            0.7120000123977661,
            0.7462000250816345,
            0.7628999948501587,
            0.7976999878883362,
            0.8180000185966492,
            0.8162000179290771,
            0.836899995803833,
            0.8407999873161316,
            0.8361999988555908,
            0.8476999998092651,
            0.8489000201225281,
            0.8507000207901001,
            0.8510000109672546
        ],
        "average_train_time": [
            0.015817029614448547,
            0.01491429274559021,
            0.014665281109809875,
            0.014693270535469056,
            0.014675400061607361,
            0.014680432605743409,
            0.01468573033809662,
            0.014698088006973267,
            0.014688768129348755,
            0.014684905037879944,
            0.014703078708648681,
            0.014718110189437866,
            0.014709417872428894,
            0.014707410397529602,
            0.014863053035736084,
            0.014867377614974975
        ],
        "average_inference_time": [
            0.002510583996772766,
            0.002107299566268921,
            0.002092500042915344,
            0.002091800570487976,
            0.0021067064523696897,
            0.0021018996238708495,
            0.002176500129699707,
            0.002100100898742676,
            0.0021004999160766603,
            0.0020937997817993166,
            0.002118116569519043,
            0.002119138813018799,
            0.0021046004295349123,
            0.002109699988365173,
            0.002090399861335754,
            0.0021044002771377565
        ],
        "compile_time": 0.10400009155273438,
        "build_time": 15.949000358581543,
        "save_time": 1.9269993305206299,
        "mutation_info": {
            "parent": "",
            "cell_index": 0,
            "group_index": 0,
            "item_index": 0,
            "mutation_type": 0,
            "mutation_subtype": 0
        },
        "flops": 0
    },
    "parent_model_name": ""
}