{
    "embedding": [
        2,
        0,
        5,
        1,
        4,
        1,
        2,
        1,
        3,
        2,
        7,
        1,
        2,
        4,
        3,
        0,
        8,
        4,
        8,
        5,
        2,
        0,
        8,
        1,
        8,
        0,
        2,
        0,
        6,
        2,
        7,
        0,
        3,
        1,
        6,
        1,
        4,
        1,
        2,
        1
    ],
    "hyperparameters": {
        "CELL_STACKS": [
            6,
            1
        ],
        "CELL_STRIDES": [
            1,
            2
        ],
        "CELL_INDEX_FOR_REDUCTION": 1,
        "GROUPS_PER_CELL": 5,
        "OPS_PER_GROUP": 2,
        "CELL_LAYERS": 3,
        "TARGET_FILTER_DIMS": 32,
        "REDUCTION_EXPANSION_FACTOR": 2,
        "REDUCTION_EXPANSION_BEFORE": false,
        "REDUCE_CURRENT": false,
        "PASS_RESIDUAL": true,
        "CONCATENATE_ALL": false,
        "TRAIN_EPOCHS": 1,
        "TRAIN_ITERATIONS": 32,
        "MAXIMUM_LEARNING_RATE": 0.025,
        "MINIMUM_LEARNING_RATE": 0.001,
        "USE_SGDR": true,
        "BATCH_SIZE": 16,
        "SGDR_EPOCHS_PER_RESTART": 32,
        "SGDR_LR_DECAY": 0.8,
        "SGDR_PERIOD_DECAY": 2,
        "DROP_PATH_CHANCE": 0.6,
        "DROP_PATH_TOTAL_STEPS_MULTI": 1,
        "IDENTITY_THRESHOLD": 0.0
    },
    "model_name": "evo_1594365744.473121",
    "metrics": {
        "accuracy": [
            0.4530999958515167,
            0.5873000025749207,
            0.6561999917030334,
            0.7103999853134155,
            0.7343000173568726,
            0.7337999939918518,
            0.7807999849319458,
            0.7806000113487244,
            0.7996000051498413,
            0.8097000122070312,
            0.8098999857902527,
            0.8241999745368958,
            0.8299000263214111,
            0.8389000296592712,
            0.8360999822616577,
            0.8465999960899353,
            0.8410000205039978,
            0.8468000292778015,
            0.8495000004768372,
            0.8513000011444092,
            0.8513000011444092,
            0.8593000173568726,
            0.85589998960495,
            0.8605999946594238,
            0.8615000247955322,
            0.8632000088691711,
            0.8616999983787537,
            0.8644000291824341,
            0.8655999898910522,
            0.8657000064849854,
            0.8636000156402588,
            0.863099992275238
        ],
        "average_train_time": [
            0.01872415732383728,
            0.01762307008266449,
            0.017639454140663147,
            0.017674892592430116,
            0.017659253973960877,
            0.017690497760772705,
            0.01764167520046234,
            0.01768778670310974,
            0.017738810229301454,
            0.017696088581085206,
            0.017652304091453554,
            0.01769703884124756,
            0.0176996341753006,
            0.017690498003959654,
            0.017688244466781616,
            0.01770921630859375,
            0.017751766510009766,
            0.017803820776939393,
            0.017703463196754456,
            0.017681815180778503,
            0.017730130205154418,
            0.017708843159675598,
            0.017708579449653625,
            0.017735191555023195,
            0.017741770396232606,
            0.017694610304832457,
            0.017713331170082093,
            0.017705809597969056,
            0.017844236960411073,
            0.01768931908607483,
            0.017637396388053894,
            0.017842230520248414
        ],
        "average_inference_time": [
            0.003224000096321106,
            0.0027324002027511595,
            0.002740900158882141,
            0.002733100414276123,
            0.002739900350570679,
            0.002748900508880615,
            0.002731800365447998,
            0.0027518000364303587,
            0.0027274001121520997,
            0.002749612498283386,
            0.002736400604248047,
            0.002745600748062134,
            0.0027443092823028563,
            0.0027260008811950684,
            0.0027421000957489013,
            0.0027319005727767945,
            0.0027559998750686645,
            0.002734300065040588,
            0.0027483996868133543,
            0.002753800082206726,
            0.0027432003259658813,
            0.0027564999341964723,
            0.0027189000606536867,
            0.002753684616088867,
            0.002744000267982483,
            0.002756899881362915,
            0.002751899814605713,
            0.0027534001350402832,
            0.0027343003511428833,
            0.0027284005403518676,
            0.0027332003355026247,
            0.0027518003463745115
        ],
        "compile_time": 0.11400079727172852,
        "build_time": 20.41871190071106,
        "save_time": 4.549607753753662,
        "mutation_info": {
            "parent": "",
            "cell_index": 0,
            "group_index": 0,
            "item_index": 0,
            "mutation_type": 0,
            "mutation_subtype": 0
        },
        "flops": 0
    },
    "parent_model_name": ""
}