{
    "embedding": [
        2,
        0,
        4,
        1,
        2,
        2,
        3,
        2,
        0,
        0,
        6,
        3,
        2,
        3,
        3,
        3,
        3,
        3,
        1,
        1,
        4,
        0,
        0,
        1,
        4,
        2,
        2,
        0,
        5,
        2,
        0,
        3,
        4,
        2,
        6,
        2,
        3,
        1,
        8,
        0
    ],
    "hyperparameters": {
        "CELL_STACKS": [
            6,
            1
        ],
        "CELL_STRIDES": [
            1,
            2
        ],
        "CELL_INDEX_FOR_REDUCTION": 1,
        "GROUPS_PER_CELL": 5,
        "OPS_PER_GROUP": 2,
        "CELL_LAYERS": 3,
        "TARGET_FILTER_DIMS": 32,
        "REDUCTION_EXPANSION_FACTOR": 2,
        "REDUCTION_EXPANSION_BEFORE": false,
        "REDUCE_CURRENT": false,
        "PASS_RESIDUAL": true,
        "CONCATENATE_ALL": false,
        "TRAIN_EPOCHS": 1,
        "TRAIN_ITERATIONS": 32,
        "MAXIMUM_LEARNING_RATE": 0.025,
        "MINIMUM_LEARNING_RATE": 0.001,
        "USE_SGDR": true,
        "BATCH_SIZE": 16,
        "SGDR_EPOCHS_PER_RESTART": 32,
        "SGDR_LR_DECAY": 0.8,
        "SGDR_PERIOD_DECAY": 2,
        "DROP_PATH_CHANCE": 0.6,
        "DROP_PATH_TOTAL_STEPS_MULTI": 1,
        "IDENTITY_THRESHOLD": 0.0
    },
    "model_name": "evo_1594261586.5549932",
    "metrics": {
        "accuracy": [
            0.3869999945163727,
            0.474700003862381,
            0.5414999723434448,
            0.6025000214576721,
            0.6615999937057495,
            0.7052000164985657,
            0.7397000193595886,
            0.7253999710083008,
            0.7602999806404114,
            0.7901999950408936,
            0.7954000234603882,
            0.8097000122070312,
            0.8095999956130981,
            0.7835000157356262,
            0.8119000196456909,
            0.8069999814033508,
            0.8184000253677368,
            0.822700023651123,
            0.8278999924659729,
            0.8342000246047974,
            0.8360999822616577,
            0.8359000086784363,
            0.8352000117301941,
            0.8416000008583069,
            0.8396999835968018,
            0.843500018119812,
            0.8435999751091003,
            0.8452000021934509,
            0.845300018787384,
            0.847000002861023,
            0.8471999764442444,
            0.8453999757766724
        ],
        "average_train_time": [
            0.017776680016517638,
            0.016505620002746583,
            0.016484356436729432,
            0.01651321077346802,
            0.016472891755104066,
            0.010133938870429992,
            0.00977425169467926,
            0.009897875781059265,
            0.010310451154708862,
            0.009961903872489929,
            0.00931167908191681,
            0.009380539984703064,
            0.009277328281402588,
            0.009307767972946168,
            0.009293819980621338,
            0.009272888426780701,
            0.009190059986114501,
            0.00915778838634491,
            0.009155225024223328,
            0.009181502962112427,
            0.009126582117080688,
            0.009104411849975586,
            0.009174225974082947,
            0.00917298375606537,
            0.00913932309627533,
            0.009169823484420777,
            0.00919936110496521,
            0.00912514877319336,
            0.009177979998588562,
            0.009190911865234375,
            0.009167374062538147,
            0.009156229939460754
        ],
        "average_inference_time": [
            0.002791900038719177,
            0.002272900104522705,
            0.002273799920082092,
            0.0022978000164031983,
            0.0022766998529434204,
            0.00294008002281189,
            0.0024287055492401123,
            0.002501181149482727,
            0.0026665638208389283,
            0.0022632999658584595,
            0.0022740957498550416,
            0.002262969207763672,
            0.0022653352499008178,
            0.0022720001697540283,
            0.0022642000436782837,
            0.0022541005611419677,
            0.0022518005847930907,
            0.002229899883270264,
            0.002243089509010315,
            0.002239999866485596,
            0.0022241472482681275,
            0.002239000105857849,
            0.0022371142387390135,
            0.0022284003973007203,
            0.002229870009422302,
            0.0022583349227905274,
            0.0022559000492095947,
            0.0022549001932144165,
            0.002268800115585327,
            0.0022564998865127564,
            0.002251000189781189,
            0.0022477447032928466
        ],
        "compile_time": 0.1230003833770752,
        "build_time": 22.014000415802002,
        "save_time": 1.700822114944458,
        "mutation_info": {
            "parent": "",
            "cell_index": 0,
            "group_index": 0,
            "item_index": 0,
            "mutation_type": 0,
            "mutation_subtype": 0
        },
        "flops": 0
    },
    "parent_model_name": ""
}