{
    "embedding": [
        0,
        0,
        5,
        1,
        8,
        1,
        0,
        1,
        4,
        2,
        3,
        3,
        3,
        3,
        4,
        0,
        2,
        4,
        3,
        0,
        5,
        0,
        7,
        1,
        8,
        1,
        7,
        0,
        4,
        2,
        8,
        3,
        8,
        4,
        0,
        4,
        8,
        1,
        2,
        2
    ],
    "hyperparameters": {
        "CELL_STACKS": [
            3,
            1
        ],
        "CELL_STRIDES": [
            1,
            2
        ],
        "CELL_INDEX_FOR_REDUCTION": 1,
        "GROUPS_PER_CELL": 5,
        "OPS_PER_GROUP": 2,
        "CELL_LAYERS": 3,
        "TARGET_FILTER_DIMS": 24,
        "REDUCTION_EXPANSION_FACTOR": 2,
        "REDUCTION_EXPANSION_BEFORE": false,
        "REDUCE_CURRENT": false,
        "PASS_RESIDUAL": true,
        "CONCATENATE_ALL": false,
        "TRAIN_EPOCHS": 1,
        "TRAIN_ITERATIONS": 32,
        "MAXIMUM_LEARNING_RATE": 0.025,
        "MINIMUM_LEARNING_RATE": 0.001,
        "USE_SGDR": true,
        "BATCH_SIZE": 16,
        "SGDR_EPOCHS_PER_RESTART": 32,
        "SGDR_LR_DECAY": 0.8,
        "SGDR_PERIOD_DECAY": 2,
        "DROP_PATH_CHANCE": 0.6,
        "DROP_PATH_TOTAL_STEPS_MULTI": 1,
        "IDENTITY_THRESHOLD": 0.0
    },
    "model_name": "evo_1593922522.7871447",
    "metrics": {
        "accuracy": [
            0.5824999809265137,
            0.6628000140190125,
            0.6025999784469604,
            0.7508000135421753,
            0.7692999839782715,
            0.7912999987602234,
            0.800599992275238,
            0.8125,
            0.7908999919891357,
            0.8208000063896179,
            0.8240000009536743,
            0.832099974155426,
            0.8263999819755554,
            0.8309999704360962,
            0.8411999940872192,
            0.8389000296592712,
            0.84579998254776,
            0.8422999978065491,
            0.8501999974250793,
            0.8479999899864197,
            0.8511000275611877,
            0.8560000061988831,
            0.8562999963760376,
            0.8565999865531921,
            0.8593999743461609,
            0.8618999719619751,
            0.8610000014305115,
            0.8601999878883362,
            0.8623999953269958,
            0.86080002784729,
            0.8615000247955322,
            0.8629000186920166
        ],
        "average_train_time": [
            0.009044420084953307,
            0.008506780018806458,
            0.00837103699207306,
            0.009050554714202881,
            0.004422537422180176,
            0.004256967344284057,
            0.00424599289894104,
            0.004241801204681397,
            0.004245787568092347,
            0.004246629047393799,
            0.004247215027809143,
            0.004246305394172668,
            0.004204896240234375,
            0.004179740009307861,
            0.004178939576148987,
            0.00421612684249878,
            0.00418607958316803,
            0.004176759996414184,
            0.004176780004501343,
            0.004177799992561341,
            0.00417919626712799,
            0.004179560117721558,
            0.004175120000839233,
            0.004205854177474976,
            0.004191895127296448,
            0.0041757871437072755,
            0.004175563807487488,
            0.004210703458786011,
            0.004205972728729248,
            0.004183900003433228,
            0.004181400003433228,
            0.004177540011405945
        ],
        "average_inference_time": [
            0.001324799919128418,
            0.0010522001266479492,
            0.0010545000791549683,
            0.0011232510089874267,
            0.001259930181503296,
            0.001057569408416748,
            0.0010384057521820068,
            0.0010355409145355226,
            0.00103480281829834,
            0.0010350803136825561,
            0.001036064839363098,
            0.0010358823776245116,
            0.0010287999391555786,
            0.0010318999767303467,
            0.001029599905014038,
            0.001029628348350525,
            0.0010311005115509033,
            0.001031500005722046,
            0.001030699872970581,
            0.0010325000524520874,
            0.0010299089908599854,
            0.0010275015592575074,
            0.0010331998348236083,
            0.0010331322431564331,
            0.001028698992729187,
            0.001030599570274353,
            0.0010311977386474609,
            0.001031903052330017,
            0.0010320000886917115,
            0.0010338999509811402,
            0.0010314000368118286,
            0.0010308000564575196
        ],
        "compile_time": 0.07999777793884277,
        "build_time": 12.004512548446655,
        "save_time": 1.0112147331237793,
        "mutation_info": {
            "parent": "",
            "cell_index": 0,
            "group_index": 0,
            "item_index": 0,
            "mutation_type": 0,
            "mutation_subtype": 0
        },
        "flops": 0
    },
    "parent_model_name": ""
}