{
    "embedding": [
        3,
        0,
        3,
        1,
        3,
        0,
        8,
        0,
        7,
        0,
        4,
        3,
        5,
        1,
        0,
        1,
        0,
        0,
        2,
        2,
        1,
        0,
        2,
        1,
        1,
        0,
        5,
        0,
        3,
        3,
        1,
        3,
        8,
        3,
        0,
        2,
        2,
        4,
        5,
        1
    ],
    "hyperparameters": {
        "CELL_STACKS": [
            6,
            1
        ],
        "CELL_STRIDES": [
            1,
            2
        ],
        "CELL_INDEX_FOR_REDUCTION": 1,
        "GROUPS_PER_CELL": 5,
        "OPS_PER_GROUP": 2,
        "CELL_LAYERS": 3,
        "TARGET_FILTER_DIMS": 32,
        "REDUCTION_EXPANSION_FACTOR": 2,
        "REDUCTION_EXPANSION_BEFORE": false,
        "REDUCE_CURRENT": false,
        "PASS_RESIDUAL": true,
        "CONCATENATE_ALL": false,
        "TRAIN_EPOCHS": 1,
        "TRAIN_ITERATIONS": 16,
        "MAXIMUM_LEARNING_RATE": 0.025,
        "MINIMUM_LEARNING_RATE": 0.001,
        "USE_SGDR": true,
        "BATCH_SIZE": 16,
        "SGDR_EPOCHS_PER_RESTART": 16,
        "SGDR_LR_DECAY": 0.8,
        "SGDR_PERIOD_DECAY": 2,
        "DROP_PATH_CHANCE": 0.6,
        "DROP_PATH_TOTAL_STEPS_MULTI": 1,
        "IDENTITY_THRESHOLD": 0.0
    },
    "model_name": "evo_1595358481.2981708",
    "metrics": {
        "accuracy": [
            0.49970000982284546,
            0.5687999725341797,
            0.6455000042915344,
            0.7315999865531921,
            0.7645999789237976,
            0.7754999995231628,
            0.8044999837875366,
            0.8141999840736389,
            0.8323000073432922,
            0.83160001039505,
            0.843999981880188,
            0.8463000059127808,
            0.853600025177002,
            0.8568999767303467,
            0.859000027179718,
            0.855400025844574
        ],
        "average_train_time": [
            0.02289574339389801,
            0.02176642240524292,
            0.021110866961479187,
            0.020935625019073485,
            0.021804148898124695,
            0.02059594431400299,
            0.022159909515380858,
            0.020524431285858156,
            0.02082559211730957,
            0.020460151062011718,
            0.02083830352306366,
            0.021515990290641784,
            0.0219864598941803,
            0.022147309226989747,
            0.021724495449066163,
            0.02046460365772247
        ],
        "average_inference_time": [
            0.003915092706680298,
            0.0033920591831207276,
            0.0032259713411331176,
            0.003504541039466858,
            0.003297531270980835,
            0.0032510999441146852,
            0.0033378998041152953,
            0.003240031003952026,
            0.003244700002670288,
            0.0032631969928741456,
            0.003222700023651123,
            0.0034946236848831178,
            0.0036289978504180907,
            0.003472855257987976,
            0.0032407999992370607,
            0.0032508073568344115
        ],
        "compile_time": 0.14300203323364258,
        "build_time": 23.903188705444336,
        "save_time": 3.6049160957336426,
        "mutation_info": {
            "parent": "",
            "cell_index": 0,
            "group_index": 0,
            "item_index": 0,
            "mutation_type": 0,
            "mutation_subtype": 0
        },
        "flops": 0
    },
    "parent_model_name": ""
}