{
    "embedding": [
        7,
        0,
        6,
        1,
        6,
        0,
        8,
        2,
        1,
        0,
        5,
        3,
        7,
        0,
        5,
        4,
        6,
        2,
        4,
        0,
        6,
        0,
        7,
        1,
        0,
        2,
        3,
        2,
        4,
        2,
        0,
        0,
        7,
        0,
        2,
        0,
        6,
        2,
        0,
        5
    ],
    "hyperparameters": {
        "CELL_STACKS": [
            6,
            1
        ],
        "CELL_STRIDES": [
            1,
            2
        ],
        "CELL_INDEX_FOR_REDUCTION": 1,
        "GROUPS_PER_CELL": 5,
        "OPS_PER_GROUP": 2,
        "CELL_LAYERS": 3,
        "TARGET_FILTER_DIMS": 32,
        "REDUCTION_EXPANSION_FACTOR": 2,
        "REDUCTION_EXPANSION_BEFORE": false,
        "REDUCE_CURRENT": false,
        "PASS_RESIDUAL": true,
        "CONCATENATE_ALL": false,
        "TRAIN_EPOCHS": 1,
        "TRAIN_ITERATIONS": 32,
        "MAXIMUM_LEARNING_RATE": 0.025,
        "MINIMUM_LEARNING_RATE": 0.001,
        "USE_SGDR": true,
        "BATCH_SIZE": 16,
        "SGDR_EPOCHS_PER_RESTART": 32,
        "SGDR_LR_DECAY": 0.8,
        "SGDR_PERIOD_DECAY": 2,
        "DROP_PATH_CHANCE": 0.6,
        "DROP_PATH_TOTAL_STEPS_MULTI": 1,
        "IDENTITY_THRESHOLD": 0.0
    },
    "model_name": "evo_1594092379.1112883",
    "metrics": {
        "accuracy": [
            0.39070001244544983,
            0.5185999870300293,
            0.5346999764442444,
            0.5813999772071838,
            0.6068000197410583,
            0.6366999745368958,
            0.6579999923706055,
            0.6951000094413757,
            0.6967999935150146,
            0.7289000153541565,
            0.7146999835968018,
            0.7620999813079834,
            0.7551000118255615,
            0.7533000111579895,
            0.7674999833106995,
            0.7698000073432922,
            0.7739999890327454,
            0.776199996471405,
            0.7954000234603882,
            0.8003000020980835,
            0.8051999807357788,
            0.7979999780654907,
            0.7955999970436096,
            0.8148999810218811,
            0.8115000128746033,
            0.8138999938964844,
            0.8119000196456909,
            0.8151999711990356,
            0.8177000284194946,
            0.8195000290870667,
            0.8185999989509583,
            0.8190000057220459
        ],
        "average_train_time": [
            0.014771850681304932,
            0.013731214952468871,
            0.013777269916534423,
            0.0073318674850463865,
            0.007085185222625732,
            0.007150204930305481,
            0.0071561775541305545,
            0.007176925849914551,
            0.007033266444206238,
            0.006982270193099976,
            0.00711750256061554,
            0.007084703330993652,
            0.007154899106025696,
            0.007107622227668762,
            0.007092678718566894,
            0.007183599467277527,
            0.007212748579978943,
            0.007383142175674438,
            0.007444929494857788,
            0.007290255465507507,
            0.007431725115776062,
            0.007441808905601501,
            0.0073305415773391724,
            0.007303340525627137,
            0.007370119290351868,
            0.0073797082948684695,
            0.0073345799779891965,
            0.007473685412406921,
            0.007400325694084168,
            0.0074184657859802244,
            0.00740473687171936,
            0.007418031334877014
        ],
        "average_inference_time": [
            0.0024303999662399294,
            0.0020502937793731688,
            0.0020551980018615724,
            0.0024074657917022707,
            0.00205572350025177,
            0.0020769419193267824,
            0.0020800352573394775,
            0.00208000009059906,
            0.0020532130718231203,
            0.0020679103374481203,
            0.0020926596879959104,
            0.0020847000360488892,
            0.0020900001764297487,
            0.002098499917984009,
            0.00210921676158905,
            0.0020986935615539552,
            0.002202403712272644,
            0.002167899990081787,
            0.002166299843788147,
            0.002220920467376709,
            0.002186199903488159,
            0.002168545126914978,
            0.0021381000995635987,
            0.0021869974851608277,
            0.002244200038909912,
            0.0021553515434265137,
            0.0022548999786376955,
            0.002178405523300171,
            0.0022697112798690795,
            0.0022071000814437866,
            0.00222736279964447,
            0.0021973999738693238
        ],
        "compile_time": 0.10900020599365234,
        "build_time": 17.293549299240112,
        "save_time": 1.800999641418457,
        "mutation_info": {
            "parent": "",
            "cell_index": 0,
            "group_index": 0,
            "item_index": 0,
            "mutation_type": 0,
            "mutation_subtype": 0
        },
        "flops": 0
    },
    "parent_model_name": ""
}