{
    "embedding": [
        8,
        0,
        5,
        1,
        2,
        2,
        1,
        0,
        2,
        1,
        3,
        0,
        5,
        0,
        2,
        3,
        5,
        3,
        8,
        0,
        2,
        0,
        6,
        1,
        2,
        0,
        1,
        2,
        7,
        2,
        0,
        0,
        6,
        3,
        8,
        1,
        5,
        1,
        5,
        3
    ],
    "hyperparameters": {
        "CELL_STACKS": [
            5,
            1
        ],
        "CELL_STRIDES": [
            1,
            2
        ],
        "CELL_INDEX_FOR_REDUCTION": 1,
        "GROUPS_PER_CELL": 5,
        "OPS_PER_GROUP": 2,
        "CELL_LAYERS": 3,
        "TARGET_FILTER_DIMS": 24,
        "REDUCTION_EXPANSION_FACTOR": 2,
        "REDUCTION_EXPANSION_BEFORE": false,
        "REDUCE_CURRENT": false,
        "PASS_RESIDUAL": true,
        "CONCATENATE_ALL": false,
        "TRAIN_EPOCHS": 1,
        "TRAIN_ITERATIONS": 16,
        "MAXIMUM_LEARNING_RATE": 0.025,
        "MINIMUM_LEARNING_RATE": 0.001,
        "USE_SGDR": true,
        "BATCH_SIZE": 16,
        "SGDR_EPOCHS_PER_RESTART": 16,
        "SGDR_LR_DECAY": 0.8,
        "SGDR_PERIOD_DECAY": 2,
        "DROP_PATH_CHANCE": 0.6,
        "DROP_PATH_TOTAL_STEPS_MULTI": 1,
        "IDENTITY_THRESHOLD": 0.0
    },
    "model_name": "evo_1594516246.1602085",
    "metrics": {
        "accuracy": [
            0.4708999991416931,
            0.6283000111579895,
            0.6721000075340271,
            0.7293999791145325,
            0.7817999720573425,
            0.8001999855041504,
            0.8154000043869019,
            0.8237000107765198,
            0.8270000219345093,
            0.8172000050544739,
            0.8421000242233276,
            0.8474000096321106,
            0.8511000275611877,
            0.8529000282287598,
            0.8547999858856201,
            0.8567000031471252
        ],
        "average_train_time": [
            0.017654721908569336,
            0.016378826875686644,
            0.015376552195549011,
            0.015015770292282104,
            0.014881480622291565,
            0.03313748887062073,
            0.009004333920478821,
            0.0092277779006958,
            0.009311928296089173,
            0.008926772184371948,
            0.008476299901008606,
            0.00849082305908203,
            0.008484019541740417,
            0.008484140033721924,
            0.008497440814971923,
            0.008500219984054565
        ],
        "average_inference_time": [
            0.0027623001098632813,
            0.0023238001346588136,
            0.002049300265312195,
            0.002016600251197815,
            0.0020151001691818236,
            0.004661717700958252,
            0.0024945000648498535,
            0.00227881486415863,
            0.00254638512134552,
            0.0020168999433517456,
            0.0020002997636795043,
            0.0020002328634262084,
            0.002000800609588623,
            0.0019957791328430174,
            0.0019963057279586793,
            0.0019943006753921507
        ],
        "compile_time": 0.12298274040222168,
        "build_time": 23.181015729904175,
        "save_time": 2.507117986679077,
        "mutation_info": {
            "parent": "",
            "cell_index": 0,
            "group_index": 0,
            "item_index": 0,
            "mutation_type": 0,
            "mutation_subtype": 0
        },
        "flops": 0
    },
    "parent_model_name": ""
}