{
    "embedding": [
        5,
        0,
        5,
        1,
        3,
        2,
        3,
        2,
        6,
        2,
        6,
        0,
        2,
        1,
        3,
        0,
        8,
        3,
        0,
        2,
        1,
        0,
        1,
        1,
        4,
        1,
        2,
        0,
        5,
        0,
        1,
        0,
        7,
        0,
        0,
        1,
        8,
        5,
        4,
        0
    ],
    "hyperparameters": {
        "CELL_STACKS": [
            5,
            1
        ],
        "CELL_STRIDES": [
            1,
            2
        ],
        "CELL_INDEX_FOR_REDUCTION": 1,
        "GROUPS_PER_CELL": 5,
        "OPS_PER_GROUP": 2,
        "CELL_LAYERS": 3,
        "TARGET_FILTER_DIMS": 24,
        "REDUCTION_EXPANSION_FACTOR": 2,
        "REDUCTION_EXPANSION_BEFORE": false,
        "REDUCE_CURRENT": false,
        "PASS_RESIDUAL": true,
        "CONCATENATE_ALL": false,
        "TRAIN_EPOCHS": 1,
        "TRAIN_ITERATIONS": 16,
        "MAXIMUM_LEARNING_RATE": 0.025,
        "MINIMUM_LEARNING_RATE": 0.001,
        "USE_SGDR": true,
        "BATCH_SIZE": 16,
        "SGDR_EPOCHS_PER_RESTART": 16,
        "SGDR_LR_DECAY": 0.8,
        "SGDR_PERIOD_DECAY": 2,
        "DROP_PATH_CHANCE": 0.6,
        "DROP_PATH_TOTAL_STEPS_MULTI": 1,
        "IDENTITY_THRESHOLD": 0.0,
        "NORMAL_CELL_N": 3
    },
    "model_name": "evo_1594503354.2754426",
    "metrics": {
        "accuracy": [
            0.4350000023841858,
            0.5228999853134155,
            0.625,
            0.66839998960495,
            0.6723999977111816,
            0.7240999937057495,
            0.7371000051498413,
            0.756600022315979,
            0.7821000218391418,
            0.7942000031471252,
            0.8029000163078308,
            0.8091999888420105,
            0.817300021648407,
            0.8248000144958496,
            0.8237000107765198,
            0.82669997215271
        ],
        "average_train_time": [
            0.015491560473442077,
            0.014463720021247864,
            0.014422260041236878,
            0.016819593544006348,
            0.01586795310497284,
            0.015718127613067626,
            0.01543569926261902,
            0.01665922739505768,
            0.014972708148956298,
            0.01683893032550812,
            0.01554942578792572,
            0.015296355452537536,
            0.015527393841743469,
            0.015578954982757569,
            0.015448024172782899,
            0.015643558082580566
        ],
        "average_inference_time": [
            0.0023605976819992065,
            0.0019853999376296997,
            0.0019881004095077515,
            0.0020908023834228517,
            0.0020951333999633787,
            0.002049685311317444,
            0.002062999963760376,
            0.0020099997758865357,
            0.0022469386100769043,
            0.0020181999683380127,
            0.0022803998231887817,
            0.0020656996965408327,
            0.0020526999950408937,
            0.0022786999225616455,
            0.002296937847137451,
            0.002095022439956665
        ],
        "compile_time": 0.11500072479248047,
        "build_time": 17.58999991416931,
        "save_time": 2.446068286895752,
        "mutation_info": {
            "parent": "",
            "cell_index": 0,
            "group_index": 0,
            "item_index": 0,
            "mutation_type": 0,
            "mutation_subtype": 0
        },
        "flops": 0
    },
    "parent_model_name": ""
}