{
    "embedding": [
        4,
        0,
        6,
        1,
        3,
        1,
        5,
        1,
        8,
        1,
        3,
        3,
        5,
        3,
        8,
        2,
        0,
        0,
        7,
        0,
        7,
        0,
        7,
        1,
        4,
        2,
        7,
        2,
        1,
        0,
        8,
        2,
        2,
        2,
        6,
        2,
        0,
        2,
        5,
        3
    ],
    "hyperparameters": {
        "CELL_STACKS": [
            6,
            1
        ],
        "CELL_STRIDES": [
            1,
            2
        ],
        "CELL_INDEX_FOR_REDUCTION": 1,
        "GROUPS_PER_CELL": 5,
        "OPS_PER_GROUP": 2,
        "CELL_LAYERS": 3,
        "TARGET_FILTER_DIMS": 32,
        "REDUCTION_EXPANSION_FACTOR": 2,
        "REDUCTION_EXPANSION_BEFORE": false,
        "REDUCE_CURRENT": false,
        "PASS_RESIDUAL": true,
        "CONCATENATE_ALL": false,
        "TRAIN_EPOCHS": 1,
        "TRAIN_ITERATIONS": 16,
        "MAXIMUM_LEARNING_RATE": 0.025,
        "MINIMUM_LEARNING_RATE": 0.001,
        "USE_SGDR": true,
        "BATCH_SIZE": 16,
        "SGDR_EPOCHS_PER_RESTART": 16,
        "SGDR_LR_DECAY": 0.8,
        "SGDR_PERIOD_DECAY": 2,
        "DROP_PATH_CHANCE": 0.6,
        "DROP_PATH_TOTAL_STEPS_MULTI": 1,
        "IDENTITY_THRESHOLD": 0.0
    },
    "model_name": "evo_1595170927.2262678",
    "metrics": {
        "accuracy": [
            0.5260999798774719,
            0.6298999786376953,
            0.6628999710083008,
            0.7369999885559082,
            0.7778000235557556,
            0.7993000149726868,
            0.8155999779701233,
            0.8331000208854675,
            0.8366000056266785,
            0.8438000082969666,
            0.8511000275611877,
            0.8539000153541565,
            0.8560000061988831,
            0.859499990940094,
            0.8607000112533569,
            0.8622000217437744
        ],
        "average_train_time": [
            0.019043476872444152,
            0.01799260925769806,
            0.01802338442325592,
            0.012432003726959228,
            0.011964563612937927,
            0.011914991083145142,
            0.012140231723785401,
            0.012069267988204955,
            0.012320190005302429,
            0.012142925386428832,
            0.012263830351829529,
            0.012389659924507142,
            0.012262007575035096,
            0.012179290227890015,
            0.0123042032623291,
            0.012275795960426331
        ],
        "average_inference_time": [
            0.003519578742980957,
            0.003082305026054382,
            0.0031107157230377195,
            0.003747499918937683,
            0.00314850218296051,
            0.0034064001560211183,
            0.0032644060850143433,
            0.003296519780158997,
            0.003373463487625122,
            0.0032666969299316407,
            0.0034048927783966064,
            0.0033634075880050658,
            0.0033865198612213136,
            0.0033286508321762084,
            0.0033709514141082764,
            0.0033037001609802245
        ],
        "compile_time": 0.11299967765808105,
        "build_time": 17.251997232437134,
        "save_time": 4.2589991092681885,
        "mutation_info": {
            "parent": "",
            "cell_index": 0,
            "group_index": 0,
            "item_index": 0,
            "mutation_type": 0,
            "mutation_subtype": 0
        },
        "flops": 0
    },
    "parent_model_name": ""
}