{
    "embedding": [
        2,
        0,
        8,
        1,
        6,
        1,
        2,
        2,
        7,
        3,
        5,
        1,
        6,
        4,
        4,
        3,
        3,
        5,
        5,
        3,
        0,
        0,
        2,
        1,
        5,
        1,
        3,
        0,
        5,
        0,
        5,
        1,
        5,
        2,
        3,
        3,
        3,
        5,
        8,
        2
    ],
    "hyperparameters": {
        "CELL_STACKS": [
            5,
            1
        ],
        "CELL_STRIDES": [
            1,
            2
        ],
        "CELL_INDEX_FOR_REDUCTION": 1,
        "GROUPS_PER_CELL": 5,
        "OPS_PER_GROUP": 2,
        "CELL_LAYERS": 3,
        "TARGET_FILTER_DIMS": 32,
        "REDUCTION_EXPANSION_FACTOR": 2,
        "REDUCTION_EXPANSION_BEFORE": false,
        "REDUCE_CURRENT": false,
        "PASS_RESIDUAL": true,
        "CONCATENATE_ALL": false,
        "TRAIN_EPOCHS": 1,
        "TRAIN_ITERATIONS": 16,
        "MAXIMUM_LEARNING_RATE": 0.025,
        "MINIMUM_LEARNING_RATE": 0.001,
        "USE_SGDR": true,
        "BATCH_SIZE": 16,
        "SGDR_EPOCHS_PER_RESTART": 16,
        "SGDR_LR_DECAY": 0.8,
        "SGDR_PERIOD_DECAY": 2,
        "DROP_PATH_CHANCE": 0.6,
        "DROP_PATH_TOTAL_STEPS_MULTI": 1,
        "IDENTITY_THRESHOLD": 0.0,
        "NORMAL_CELL_N": 6
    },
    "model_name": "evo_1594902195.188616",
    "metrics": {
        "accuracy": [
            0.43810001015663147,
            0.5218999981880188,
            0.5235000252723694,
            0.6248999834060669,
            0.6547999978065491,
            0.6883999705314636,
            0.7032999992370605,
            0.7350999712944031,
            0.7401999831199646,
            0.7501000165939331,
            0.7817999720573425,
            0.7918999791145325,
            0.7950999736785889,
            0.7997999787330627,
            0.8087999820709229,
            0.8068000078201294
        ],
        "average_train_time": [
            0.011901800055503845,
            0.011117301306724548,
            0.01108944580078125,
            0.011147160120010376,
            0.011169988632202149,
            0.011092193403244018,
            0.011185901069641114,
            0.011087259879112243,
            0.011144282002449036,
            0.011050812411308288,
            0.011066330256462097,
            0.011119266176223755,
            0.01118616819858551,
            0.011088200163841247,
            0.011141810398101807,
            0.011115122499465942
        ],
        "average_inference_time": [
            0.0016993282318115235,
            0.0014258025407791139,
            0.0014313958644866943,
            0.0014348556995391845,
            0.0014206998348236083,
            0.001422300410270691,
            0.0014219998121261597,
            0.0014216000318527221,
            0.0014237831354141236,
            0.0014255533695220948,
            0.0014220001697540284,
            0.0014201790332794189,
            0.0014265006065368653,
            0.0014313999652862549,
            0.001421000385284424,
            0.0014248481273651122
        ],
        "compile_time": 0.08800029754638672,
        "build_time": 13.280999898910522,
        "save_time": 0.9139993190765381,
        "mutation_info": {
            "parent": "",
            "cell_index": 0,
            "group_index": 0,
            "item_index": 0,
            "mutation_type": 0,
            "mutation_subtype": 0
        },
        "flops": 0
    },
    "parent_model_name": ""
}