{
    "embedding": [
        4,
        0,
        6,
        1,
        3,
        1,
        5,
        1,
        8,
        1,
        3,
        3,
        5,
        3,
        8,
        2,
        0,
        0,
        7,
        0,
        7,
        0,
        7,
        1,
        4,
        2,
        7,
        2,
        1,
        0,
        8,
        2,
        2,
        2,
        6,
        2,
        0,
        2,
        5,
        3
    ],
    "hyperparameters": {
        "CELL_STACKS": [
            5,
            1
        ],
        "CELL_STRIDES": [
            1,
            2
        ],
        "CELL_INDEX_FOR_REDUCTION": 1,
        "GROUPS_PER_CELL": 5,
        "OPS_PER_GROUP": 2,
        "CELL_LAYERS": 3,
        "TARGET_FILTER_DIMS": 24,
        "REDUCTION_EXPANSION_FACTOR": 2,
        "REDUCTION_EXPANSION_BEFORE": false,
        "REDUCE_CURRENT": false,
        "PASS_RESIDUAL": true,
        "CONCATENATE_ALL": false,
        "TRAIN_EPOCHS": 1,
        "TRAIN_ITERATIONS": 16,
        "MAXIMUM_LEARNING_RATE": 0.025,
        "MINIMUM_LEARNING_RATE": 0.001,
        "USE_SGDR": true,
        "BATCH_SIZE": 16,
        "SGDR_EPOCHS_PER_RESTART": 16,
        "SGDR_LR_DECAY": 0.8,
        "SGDR_PERIOD_DECAY": 2,
        "DROP_PATH_CHANCE": 0.6,
        "DROP_PATH_TOTAL_STEPS_MULTI": 1,
        "IDENTITY_THRESHOLD": 0.0
    },
    "model_name": "evo_1594475346.4475253",
    "metrics": {
        "accuracy": [
            0.4325999915599823,
            0.6215999722480774,
            0.6427000164985657,
            0.7369999885559082,
            0.7347999811172485,
            0.781499981880188,
            0.8080999851226807,
            0.8165000081062317,
            0.830299973487854,
            0.8310999870300293,
            0.8385000228881836,
            0.8414000272750854,
            0.8486999869346619,
            0.8503000140190125,
            0.8518000245094299,
            0.8532999753952026
        ],
        "average_train_time": [
            0.014429916954040528,
            0.013550314044952393,
            0.013640350284576415,
            0.013558971424102784,
            0.013626662821769714,
            0.01360549512386322,
            0.013584167318344116,
            0.013641006779670716,
            0.013580136857032776,
            0.013541082940101623,
            0.008623901410102844,
            0.008281840009689331,
            0.008242350330352784,
            0.00819220000743866,
            0.008175070304870606,
            0.008137059979438782
        ],
        "average_inference_time": [
            0.002488300037384033,
            0.0020629998922348024,
            0.002094399881362915,
            0.002060000133514404,
            0.0020611916303634645,
            0.0020631999731063845,
            0.0020608999729156492,
            0.002060400390625,
            0.002057419466972351,
            0.0020620004177093506,
            0.0027235004663467405,
            0.002195500016212463,
            0.002189599967002869,
            0.002205951809883118,
            0.0021741002321243284,
            0.002157600498199463
        ],
        "compile_time": 0.0989997386932373,
        "build_time": 17.208510637283325,
        "save_time": 3.3109991550445557,
        "mutation_info": {
            "parent": "",
            "cell_index": 0,
            "group_index": 0,
            "item_index": 0,
            "mutation_type": 0,
            "mutation_subtype": 0
        },
        "flops": 0
    },
    "parent_model_name": ""
}