{
    "embedding": [
        1,
        0,
        8,
        1,
        7,
        1,
        4,
        1,
        8,
        2,
        6,
        1,
        6,
        3,
        5,
        1,
        7,
        1,
        8,
        0,
        4,
        0,
        5,
        1,
        8,
        2,
        5,
        1,
        7,
        3,
        1,
        3,
        0,
        3,
        3,
        1,
        0,
        1,
        8,
        5
    ],
    "hyperparameters": {
        "CELL_STACKS": [
            6,
            1
        ],
        "CELL_STRIDES": [
            1,
            2
        ],
        "CELL_INDEX_FOR_REDUCTION": 1,
        "GROUPS_PER_CELL": 5,
        "OPS_PER_GROUP": 2,
        "CELL_LAYERS": 3,
        "TARGET_FILTER_DIMS": 32,
        "REDUCTION_EXPANSION_FACTOR": 2,
        "REDUCTION_EXPANSION_BEFORE": false,
        "REDUCE_CURRENT": false,
        "PASS_RESIDUAL": true,
        "CONCATENATE_ALL": false,
        "TRAIN_EPOCHS": 1,
        "TRAIN_ITERATIONS": 32,
        "MAXIMUM_LEARNING_RATE": 0.025,
        "MINIMUM_LEARNING_RATE": 0.001,
        "USE_SGDR": true,
        "BATCH_SIZE": 16,
        "SGDR_EPOCHS_PER_RESTART": 32,
        "SGDR_LR_DECAY": 0.8,
        "SGDR_PERIOD_DECAY": 2,
        "DROP_PATH_CHANCE": 0.6,
        "DROP_PATH_TOTAL_STEPS_MULTI": 1,
        "IDENTITY_THRESHOLD": 0.0
    },
    "model_name": "evo_1594287102.7366579",
    "metrics": {
        "accuracy": [
            0.48820000886917114,
            0.6032999753952026,
            0.7077000141143799,
            0.7580999732017517,
            0.7512999773025513,
            0.7846999764442444,
            0.7912999987602234,
            0.8072999715805054,
            0.8051000237464905,
            0.8281999826431274,
            0.8299999833106995,
            0.8312000036239624,
            0.8432999849319458,
            0.8504999876022339,
            0.8503000140190125,
            0.8496999740600586,
            0.8560000061988831,
            0.8590999841690063,
            0.8586999773979187,
            0.8684999942779541,
            0.8684999942779541,
            0.8695999979972839,
            0.8730000257492065,
            0.8748000264167786,
            0.879800021648407,
            0.8763999938964844,
            0.8798999786376953,
            0.8776999711990356,
            0.8813999891281128,
            0.8791999816894531,
            0.8808000087738037,
            0.880299985408783
        ],
        "average_train_time": [
            0.01812573501110077,
            0.017078115010261536,
            0.01710294071674347,
            0.017117156114578248,
            0.017114592423439025,
            0.017145141382217406,
            0.0171418448638916,
            0.01712343988895416,
            0.017129107179641723,
            0.017121349205970766,
            0.01713725998878479,
            0.017277302680015563,
            0.017125671377182006,
            0.017270483956336975,
            0.017120584845542908,
            0.017126295280456543,
            0.017101311526298523,
            0.017098921451568605,
            0.017090826506614684,
            0.01710104073047638,
            0.017094097809791566,
            0.02277776300907135,
            0.06879256373882293,
            0.017910792779922486,
            0.017767163486480712,
            0.017677253603935243,
            0.017670158553123472,
            0.017694489855766295,
            0.017950160269737243,
            0.017684397745132446,
            0.01768548857688904,
            0.0174011212682724
        ],
        "average_inference_time": [
            0.003313700485229492,
            0.002868578290939331,
            0.002893499302864075,
            0.0028870001792907713,
            0.0028993998289108276,
            0.0028833000659942627,
            0.0028640013217926027,
            0.0028709001541137695,
            0.002884299659729004,
            0.0028730999708175657,
            0.002890400290489197,
            0.0028890000820159913,
            0.0028959999322891237,
            0.002877000164985657,
            0.0029474002599716186,
            0.002938100028038025,
            0.0028918002605438234,
            0.0028656002044677733,
            0.002862000060081482,
            0.0028528000116348267,
            0.0028769004821777343,
            0.007126100039482117,
            0.0030064620494842527,
            0.0029835888624191284,
            0.002984716963768005,
            0.002992930793762207,
            0.00292620005607605,
            0.003050025272369385,
            0.003010497736930847,
            0.0029986129760742187,
            0.0029603132486343384,
            0.0029413652658462526
        ],
        "compile_time": 0.1074376106262207,
        "build_time": 18.7481529712677,
        "save_time": 3.5244150161743164,
        "mutation_info": {
            "parent": "",
            "cell_index": 0,
            "group_index": 0,
            "item_index": 0,
            "mutation_type": 0,
            "mutation_subtype": 0
        },
        "flops": 0
    },
    "parent_model_name": ""
}