{
    "embedding": [
        3,
        0,
        8,
        1,
        2,
        2,
        4,
        0,
        6,
        0,
        6,
        1,
        1,
        3,
        3,
        3,
        4,
        4,
        2,
        5,
        0,
        0,
        6,
        1,
        4,
        0,
        8,
        1,
        0,
        0,
        3,
        1,
        1,
        3,
        1,
        1,
        6,
        3,
        8,
        4
    ],
    "hyperparameters": {
        "CELL_STACKS": [
            5,
            1
        ],
        "CELL_STRIDES": [
            1,
            2
        ],
        "CELL_INDEX_FOR_REDUCTION": 1,
        "GROUPS_PER_CELL": 5,
        "OPS_PER_GROUP": 2,
        "CELL_LAYERS": 3,
        "TARGET_FILTER_DIMS": 24,
        "REDUCTION_EXPANSION_FACTOR": 2,
        "REDUCTION_EXPANSION_BEFORE": false,
        "REDUCE_CURRENT": false,
        "PASS_RESIDUAL": true,
        "CONCATENATE_ALL": false,
        "TRAIN_EPOCHS": 1,
        "TRAIN_ITERATIONS": 16,
        "MAXIMUM_LEARNING_RATE": 0.025,
        "MINIMUM_LEARNING_RATE": 0.001,
        "USE_SGDR": true,
        "BATCH_SIZE": 16,
        "SGDR_EPOCHS_PER_RESTART": 16,
        "SGDR_LR_DECAY": 0.8,
        "SGDR_PERIOD_DECAY": 2,
        "DROP_PATH_CHANCE": 0.6,
        "DROP_PATH_TOTAL_STEPS_MULTI": 1,
        "IDENTITY_THRESHOLD": 0.0,
        "NORMAL_CELL_N": 3
    },
    "model_name": "evo_1594720987.9612074",
    "metrics": {
        "accuracy": [
            0.24320000410079956,
            0.24959999322891235,
            0.2759000062942505,
            0.3091999888420105,
            0.2962999939918518,
            0.30979999899864197,
            0.31949999928474426,
            0.36149999499320984,
            0.3578000068664551,
            0.3840000033378601,
            0.4090000092983246,
            0.42149999737739563,
            0.40880000591278076,
            0.4293000102043152,
            0.39660000801086426,
            0.4212999939918518
        ],
        "average_train_time": [
            0.011537229557037353,
            0.010680102915763856,
            0.010789295721054077,
            0.010734904980659484,
            0.010710423150062562,
            0.010713559947013855,
            0.010789640007019043,
            0.010757479944229126,
            0.010710061459541322,
            0.010707907333374024,
            0.010749458365440369,
            0.010686521883010865,
            0.01075001739025116,
            0.010702939324378968,
            0.010631338706016541,
            0.010752534193992615
        ],
        "average_inference_time": [
            0.0015159894704818726,
            0.00119420325756073,
            0.0011870001554489136,
            0.001185500454902649,
            0.001181124758720398,
            0.0011882002592086792,
            0.0011838004112243652,
            0.0011851263999938964,
            0.0011974002838134766,
            0.001179974603652954,
            0.001187399673461914,
            0.0011815272331237793,
            0.0011865395307540895,
            0.0011820214986801147,
            0.0012003672599792481,
            0.0011818003177642823
        ],
        "compile_time": 0.0860133171081543,
        "build_time": 13.374810934066772,
        "save_time": 1.4911820888519287,
        "mutation_info": {
            "parent": "",
            "cell_index": 0,
            "group_index": 0,
            "item_index": 0,
            "mutation_type": 0,
            "mutation_subtype": 0
        },
        "flops": 0
    },
    "parent_model_name": ""
}