{
    "embedding": [
        1,
        0,
        5,
        1,
        8,
        1,
        5,
        0,
        6,
        2,
        2,
        2,
        1,
        1,
        8,
        1,
        2,
        4,
        2,
        2,
        0,
        0,
        3,
        1,
        3,
        0,
        1,
        2,
        6,
        0,
        4,
        0,
        8,
        2,
        1,
        4,
        0,
        3,
        6,
        1
    ],
    "hyperparameters": {
        "CELL_STACKS": [
            6,
            1
        ],
        "CELL_STRIDES": [
            1,
            2
        ],
        "CELL_INDEX_FOR_REDUCTION": 1,
        "GROUPS_PER_CELL": 5,
        "OPS_PER_GROUP": 2,
        "CELL_LAYERS": 3,
        "TARGET_FILTER_DIMS": 32,
        "REDUCTION_EXPANSION_FACTOR": 2,
        "REDUCTION_EXPANSION_BEFORE": false,
        "REDUCE_CURRENT": false,
        "PASS_RESIDUAL": true,
        "CONCATENATE_ALL": false,
        "TRAIN_EPOCHS": 1,
        "TRAIN_ITERATIONS": 32,
        "MAXIMUM_LEARNING_RATE": 0.025,
        "MINIMUM_LEARNING_RATE": 0.001,
        "USE_SGDR": true,
        "BATCH_SIZE": 16,
        "SGDR_EPOCHS_PER_RESTART": 32,
        "SGDR_LR_DECAY": 0.8,
        "SGDR_PERIOD_DECAY": 2,
        "DROP_PATH_CHANCE": 0.6,
        "DROP_PATH_TOTAL_STEPS_MULTI": 1,
        "IDENTITY_THRESHOLD": 0.0
    },
    "model_name": "evo_1594143447.2285812",
    "metrics": {
        "accuracy": [
            0.5485000014305115,
            0.6553000211715698,
            0.6870999932289124,
            0.7487000226974487,
            0.7728000283241272,
            0.8015999794006348,
            0.7929999828338623,
            0.8342999815940857,
            0.8064000010490417,
            0.8349000215530396,
            0.8460999727249146,
            0.8562999963760376,
            0.8614000082015991,
            0.8587999939918518,
            0.8664000034332275,
            0.866599977016449,
            0.8659999966621399,
            0.8741999864578247,
            0.8705999851226807,
            0.8791999816894531,
            0.8813999891281128,
            0.8822000026702881,
            0.8834999799728394,
            0.8849999904632568,
            0.8871999979019165,
            0.88919997215271,
            0.8898000121116638,
            0.8916000127792358,
            0.8899999856948853,
            0.8899000287055969,
            0.8906999826431274,
            0.8892999887466431
        ],
        "average_train_time": [
            0.02026899046421051,
            0.018821766958236695,
            0.018873076658248902,
            0.018937587475776674,
            0.019327241325378417,
            0.019851143779754638,
            0.01939379638195038,
            0.018288574423789977,
            0.017883934049606323,
            0.01768000002861023,
            0.01778478000164032,
            0.017793559989929198,
            0.017741539764404297,
            0.01773268692970276,
            0.01804710676193237,
            0.010728200011253356,
            0.010383700070381165,
            0.0103697247838974,
            0.010294480023384095,
            0.010302520003318787,
            0.010249880032539368,
            0.010240279626846314,
            0.010197179837226868,
            0.010191460003852845,
            0.0102160200548172,
            0.010182360110282899,
            0.010192020058631898,
            0.010235439972877503,
            0.010177839603424072,
            0.010186340074539184,
            0.01015794002532959,
            0.010164379725456238
        ],
        "average_inference_time": [
            0.003303200125694275,
            0.0027626468896865845,
            0.0026526000738143923,
            0.002778570628166199,
            0.0026945214986801146,
            0.0027542004108428953,
            0.0027112004041671754,
            0.002587504172325134,
            0.002599050331115723,
            0.002594900107383728,
            0.0025851003885269167,
            0.002587300443649292,
            0.002604100298881531,
            0.002606600022315979,
            0.0027049999713897703,
            0.003131300163269043,
            0.002582399845123291,
            0.002585900115966797,
            0.0025559000730514527,
            0.002577200198173523,
            0.002557299518585205,
            0.0025495002031326293,
            0.0025464999198913573,
            0.0025497000455856323,
            0.0025424998998641968,
            0.0025502994537353516,
            0.002541299796104431,
            0.002557400131225586,
            0.0025521002292633057,
            0.0025401999950408934,
            0.00253589985370636,
            0.002532700061798096
        ],
        "compile_time": 0.14899969100952148,
        "build_time": 26.40199875831604,
        "save_time": 3.2409985065460205,
        "mutation_info": {
            "parent": "",
            "cell_index": 0,
            "group_index": 0,
            "item_index": 0,
            "mutation_type": 0,
            "mutation_subtype": 0
        },
        "flops": 0
    },
    "parent_model_name": ""
}