{
    "embedding": [
        2,
        0,
        4,
        1,
        2,
        2,
        3,
        2,
        0,
        0,
        6,
        3,
        2,
        3,
        3,
        3,
        3,
        3,
        1,
        1,
        4,
        0,
        0,
        1,
        4,
        2,
        2,
        0,
        5,
        2,
        0,
        3,
        4,
        2,
        6,
        2,
        3,
        1,
        8,
        0
    ],
    "hyperparameters": {
        "CELL_STACKS": [
            3,
            1
        ],
        "CELL_STRIDES": [
            1,
            2
        ],
        "CELL_INDEX_FOR_REDUCTION": 1,
        "GROUPS_PER_CELL": 5,
        "OPS_PER_GROUP": 2,
        "CELL_LAYERS": 3,
        "TARGET_FILTER_DIMS": 24,
        "REDUCTION_EXPANSION_FACTOR": 2,
        "REDUCTION_EXPANSION_BEFORE": false,
        "REDUCE_CURRENT": false,
        "PASS_RESIDUAL": true,
        "CONCATENATE_ALL": false,
        "TRAIN_EPOCHS": 1,
        "TRAIN_ITERATIONS": 32,
        "MAXIMUM_LEARNING_RATE": 0.025,
        "MINIMUM_LEARNING_RATE": 0.001,
        "USE_SGDR": true,
        "BATCH_SIZE": 16,
        "SGDR_EPOCHS_PER_RESTART": 32,
        "SGDR_LR_DECAY": 0.8,
        "SGDR_PERIOD_DECAY": 2,
        "DROP_PATH_CHANCE": 0.6,
        "DROP_PATH_TOTAL_STEPS_MULTI": 1,
        "IDENTITY_THRESHOLD": 0.0
    },
    "model_name": "evo_1593816538.1629195",
    "metrics": {
        "accuracy": [
            0.4611999988555908,
            0.5892000198364258,
            0.6607000231742859,
            0.6995999813079834,
            0.7495999932289124,
            0.748199999332428,
            0.7718999981880188,
            0.7585999965667725,
            0.8019000291824341,
            0.7799000144004822,
            0.8126999735832214,
            0.8159999847412109,
            0.8251000046730042,
            0.8266000151634216,
            0.8343999981880188,
            0.8360999822616577,
            0.8348000049591064,
            0.8367999792098999,
            0.8472999930381775,
            0.8374999761581421,
            0.8458999991416931,
            0.8447999954223633,
            0.8483999967575073,
            0.8497999906539917,
            0.8492000102996826,
            0.8529000282287598,
            0.8533999919891357,
            0.8525999784469604,
            0.8536999821662903,
            0.8544999957084656,
            0.8553000092506409,
            0.8529000282287598
        ],
        "average_train_time": [
            0.010076667017936707,
            0.00913272503376007,
            0.009228352179527282,
            0.00930583146572113,
            0.009366289420127868,
            0.008027017188072205,
            0.008141894083023071,
            0.016944347796440124,
            0.011824545941352843,
            0.015044874358177186,
            0.015265321555137634,
            0.009888622980117797,
            0.00959377411365509,
            0.009274495191574098,
            0.008584340515136719,
            0.011386261944770814,
            0.009600644125938416,
            0.009425433592796326,
            0.008009940080642701,
            0.008003540410995484,
            0.00790975971698761,
            0.008079099969863892,
            0.00793994017124176,
            0.008027100028991698,
            0.007955820069313049,
            0.008047645320892334,
            0.008007106761932373,
            0.007978120946884154,
            0.008076139850616455,
            0.007931439995765685,
            0.008084400057792663,
            0.007959379959106446
        ],
        "average_inference_time": [
            0.0014019342422485351,
            0.001115929651260376,
            0.0010988065481185912,
            0.0011359812498092652,
            0.0010710757732391358,
            0.0010292864084243774,
            0.0011229513645172118,
            0.001135857582092285,
            0.0014624999523162841,
            0.0014682512521743774,
            0.0011228542804718018,
            0.0012154096603393554,
            0.0010469995260238647,
            0.001091100025177002,
            0.001123802876472473,
            0.0012938084840774537,
            0.0012515000104904176,
            0.0010261001586914062,
            0.0010265998125076293,
            0.001028920578956604,
            0.001025099802017212,
            0.0010411999702453613,
            0.0010260393381118775,
            0.001026500415802002,
            0.0010376935720443725,
            0.0010258004665374756,
            0.0010270111083984376,
            0.0010276001930236817,
            0.0010236982107162476,
            0.0010263999700546264,
            0.00102739999294281,
            0.0010377002239227294
        ],
        "compile_time": 0.23301124572753906,
        "build_time": 13.484766483306885,
        "save_time": 1.0040326118469238,
        "mutation_info": {
            "parent": "",
            "cell_index": 0,
            "group_index": 0,
            "item_index": 0,
            "mutation_type": 0,
            "mutation_subtype": 0
        },
        "flops": 0
    },
    "parent_model_name": ""
}