{
    "embedding": [
        8,
        0,
        5,
        1,
        2,
        2,
        1,
        0,
        2,
        1,
        3,
        0,
        5,
        0,
        2,
        3,
        5,
        3,
        8,
        0,
        2,
        0,
        6,
        1,
        2,
        0,
        1,
        2,
        7,
        2,
        0,
        0,
        6,
        3,
        8,
        1,
        5,
        1,
        5,
        3
    ],
    "hyperparameters": {
        "CELL_STACKS": [
            6,
            1
        ],
        "CELL_STRIDES": [
            1,
            2
        ],
        "CELL_INDEX_FOR_REDUCTION": 1,
        "GROUPS_PER_CELL": 5,
        "OPS_PER_GROUP": 2,
        "CELL_LAYERS": 3,
        "TARGET_FILTER_DIMS": 32,
        "REDUCTION_EXPANSION_FACTOR": 2,
        "REDUCTION_EXPANSION_BEFORE": false,
        "REDUCE_CURRENT": false,
        "PASS_RESIDUAL": true,
        "CONCATENATE_ALL": false,
        "TRAIN_EPOCHS": 1,
        "TRAIN_ITERATIONS": 32,
        "MAXIMUM_LEARNING_RATE": 0.025,
        "MINIMUM_LEARNING_RATE": 0.001,
        "USE_SGDR": true,
        "BATCH_SIZE": 16,
        "SGDR_EPOCHS_PER_RESTART": 32,
        "SGDR_LR_DECAY": 0.8,
        "SGDR_PERIOD_DECAY": 2,
        "DROP_PATH_CHANCE": 0.6,
        "DROP_PATH_TOTAL_STEPS_MULTI": 1,
        "IDENTITY_THRESHOLD": 0.0
    },
    "model_name": "evo_1594026174.4365208",
    "metrics": {
        "accuracy": [
            0.412200003862381,
            0.5541999936103821,
            0.6323000192642212,
            0.6080999970436096,
            0.7382000088691711,
            0.7644000053405762,
            0.7864999771118164,
            0.7994999885559082,
            0.809499979019165,
            0.796999990940094,
            0.8130000233650208,
            0.816100001335144,
            0.8305000066757202,
            0.8468000292778015,
            0.8374000191688538,
            0.8468000292778015,
            0.8416000008583069,
            0.8574000000953674,
            0.8546000123023987,
            0.8626999855041504,
            0.8682000041007996,
            0.864300012588501,
            0.8684999942779541,
            0.8705000281333923,
            0.8738999962806702,
            0.8758000135421753,
            0.8761000037193298,
            0.8762999773025513,
            0.8784000277519226,
            0.8751999735832214,
            0.8758999705314636,
            0.8754000067710876
        ],
        "average_train_time": [
            0.01993845926761627,
            0.01889889666557312,
            0.01891615765094757,
            0.01894195870399475,
            0.018971522994041444,
            0.018967571921348573,
            0.018970102820396424,
            0.01896082624435425,
            0.018971951994895934,
            0.0189792685174942,
            0.019133707418441774,
            0.01896675835132599,
            0.019010818123817445,
            0.018944183692932128,
            0.019177390036582947,
            0.01903757796764374,
            0.01897732780456543,
            0.01914083661556244,
            0.01898670897960663,
            0.018986862502098082,
            0.02025378602027893,
            0.019726936559677125,
            0.020116484746932985,
            0.02120784469127655,
            0.020579176440238954,
            0.020374092960357665,
            0.02054942216873169,
            0.020365585284233094,
            0.020303877391815186,
            0.01994001169681549,
            0.019706036295890808,
            0.019100569348335265
        ],
        "average_inference_time": [
            0.003310004639625549,
            0.002846898341178894,
            0.0028562136888504027,
            0.002857773208618164,
            0.0028637997150421143,
            0.0028569431781768797,
            0.0028564136028289794,
            0.0028538001775741577,
            0.0028532002449035646,
            0.0028567260503768923,
            0.0028505701780319214,
            0.002849916410446167,
            0.0028499147176742554,
            0.0028591001987457276,
            0.0028533000946044922,
            0.002862499952316284,
            0.002853399586677551,
            0.0028521556615829467,
            0.0028524998903274538,
            0.0028538255929946897,
            0.002901779055595398,
            0.002923833227157593,
            0.0030290417671203613,
            0.003056047201156616,
            0.0029961666107177734,
            0.0029949596881866454,
            0.0030451999425888062,
            0.003011100149154663,
            0.003003400206565857,
            0.0029468509912490845,
            0.0029738229274749754,
            0.00291489999294281
        ],
        "compile_time": 0.10999941825866699,
        "build_time": 18.588724851608276,
        "save_time": 3.3139517307281494,
        "mutation_info": {
            "parent": "",
            "cell_index": 0,
            "group_index": 0,
            "item_index": 0,
            "mutation_type": 0,
            "mutation_subtype": 0
        },
        "flops": 0
    },
    "parent_model_name": ""
}