{
    "embedding": [
        4,
        0,
        5,
        1,
        7,
        1,
        1,
        0,
        0,
        2,
        7,
        0,
        8,
        4,
        6,
        4,
        3,
        1,
        2,
        0,
        1,
        0,
        0,
        1,
        6,
        2,
        1,
        0,
        6,
        0,
        2,
        0,
        7,
        2,
        6,
        2,
        0,
        1,
        2,
        0
    ],
    "hyperparameters": {
        "CELL_STACKS": [
            6,
            1
        ],
        "CELL_STRIDES": [
            1,
            2
        ],
        "CELL_INDEX_FOR_REDUCTION": 1,
        "GROUPS_PER_CELL": 5,
        "OPS_PER_GROUP": 2,
        "CELL_LAYERS": 3,
        "TARGET_FILTER_DIMS": 32,
        "REDUCTION_EXPANSION_FACTOR": 2,
        "REDUCTION_EXPANSION_BEFORE": false,
        "REDUCE_CURRENT": false,
        "PASS_RESIDUAL": true,
        "CONCATENATE_ALL": false,
        "TRAIN_EPOCHS": 1,
        "TRAIN_ITERATIONS": 32,
        "MAXIMUM_LEARNING_RATE": 0.025,
        "MINIMUM_LEARNING_RATE": 0.001,
        "USE_SGDR": true,
        "BATCH_SIZE": 16,
        "SGDR_EPOCHS_PER_RESTART": 32,
        "SGDR_LR_DECAY": 0.8,
        "SGDR_PERIOD_DECAY": 2,
        "DROP_PATH_CHANCE": 0.6,
        "DROP_PATH_TOTAL_STEPS_MULTI": 1,
        "IDENTITY_THRESHOLD": 0.0
    },
    "model_name": "evo_1594230609.5625398",
    "metrics": {
        "accuracy": [
            0.4499000012874603,
            0.48980000615119934,
            0.590499997138977,
            0.6456999778747559,
            0.6995000243186951,
            0.6579999923706055,
            0.7506999969482422,
            0.7598999738693237,
            0.7827000021934509,
            0.7760999798774719,
            0.7699999809265137,
            0.8098999857902527,
            0.8152999877929688,
            0.7994999885559082,
            0.8136000037193298,
            0.8305000066757202,
            0.8263000249862671,
            0.8162000179290771,
            0.8385999798774719,
            0.8313999772071838,
            0.8435999751091003,
            0.8327000141143799,
            0.842199981212616,
            0.8472999930381775,
            0.8458999991416931,
            0.8482000231742859,
            0.8521999716758728,
            0.8521999716758728,
            0.8496999740600586,
            0.8533999919891357,
            0.8521999716758728,
            0.8518999814987183
        ],
        "average_train_time": [
            0.019246040110588072,
            0.018039060072898863,
            0.018070979957580568,
            0.01859516115665436,
            0.020283319487571717,
            0.01846133927822113,
            0.018376667385101318,
            0.018053502893447877,
            0.019591866197586058,
            0.019027166991233826,
            0.018304397554397583,
            0.018228559517860413,
            0.01813919101715088,
            0.018114259729385376,
            0.01822972725868225,
            0.01809326012134552,
            0.018169363932609556,
            0.018470712661743164,
            0.018814411215782166,
            0.011888274393081665,
            0.011272399802207947,
            0.011170679979324341,
            0.011131399855613709,
            0.011124961843490601,
            0.011065299973487853,
            0.011049889163970946,
            0.011050154500007629,
            0.011049260053634644,
            0.011163630094528199,
            0.01123625048160553,
            0.011255400004386901,
            0.011292466039657592
        ],
        "average_inference_time": [
            0.0034367999315261842,
            0.002964599680900574,
            0.003024300217628479,
            0.0029553998947143556,
            0.0031272128582000734,
            0.003039400053024292,
            0.002957600164413452,
            0.0030405991077423096,
            0.0031263001203536986,
            0.00305930016040802,
            0.0030569002151489256,
            0.0029873000860214235,
            0.0030533993244171143,
            0.002997802495956421,
            0.0029935001134872435,
            0.0029962401866912842,
            0.002995599937438965,
            0.00308606653213501,
            0.003088443064689636,
            0.003433600282669067,
            0.0029464999675750734,
            0.0029265000581741333,
            0.0029236000061035154,
            0.0029313998222351076,
            0.0029136000633239747,
            0.002911399841308594,
            0.002901899981498718,
            0.002923799657821655,
            0.0029461002588272093,
            0.002959993839263916,
            0.002953299927711487,
            0.0029717997074127198
        ],
        "compile_time": 0.11900115013122559,
        "build_time": 21.66951584815979,
        "save_time": 2.671020269393921,
        "mutation_info": {
            "parent": "",
            "cell_index": 0,
            "group_index": 0,
            "item_index": 0,
            "mutation_type": 0,
            "mutation_subtype": 0
        },
        "flops": 0
    },
    "parent_model_name": ""
}