{
    "embedding": [
        3,
        0,
        8,
        1,
        2,
        2,
        4,
        0,
        6,
        0,
        6,
        1,
        1,
        3,
        3,
        3,
        4,
        4,
        2,
        5,
        0,
        0,
        6,
        1,
        4,
        0,
        8,
        1,
        0,
        0,
        3,
        1,
        1,
        3,
        1,
        1,
        6,
        3,
        8,
        4
    ],
    "hyperparameters": {
        "CELL_STACKS": [
            3,
            1
        ],
        "CELL_STRIDES": [
            1,
            2
        ],
        "CELL_INDEX_FOR_REDUCTION": 1,
        "GROUPS_PER_CELL": 5,
        "OPS_PER_GROUP": 2,
        "CELL_LAYERS": 3,
        "TARGET_FILTER_DIMS": 24,
        "REDUCTION_EXPANSION_FACTOR": 2,
        "REDUCTION_EXPANSION_BEFORE": false,
        "REDUCE_CURRENT": false,
        "PASS_RESIDUAL": true,
        "CONCATENATE_ALL": false,
        "TRAIN_EPOCHS": 1,
        "TRAIN_ITERATIONS": 16,
        "MAXIMUM_LEARNING_RATE": 0.025,
        "MINIMUM_LEARNING_RATE": 0.001,
        "USE_SGDR": true,
        "BATCH_SIZE": 16,
        "SGDR_EPOCHS_PER_RESTART": 16,
        "SGDR_LR_DECAY": 0.8,
        "SGDR_PERIOD_DECAY": 2,
        "DROP_PATH_CHANCE": 0.6,
        "DROP_PATH_TOTAL_STEPS_MULTI": 1,
        "IDENTITY_THRESHOLD": 0.0
    },
    "model_name": "evo_1596167186.8936906",
    "metrics": {
        "accuracy": [
            0.3012000024318695,
            0.4383000135421753,
            0.5583999752998352,
            0.5697000026702881,
            0.640500009059906,
            0.6952000260353088,
            0.7027999758720398,
            0.717199981212616,
            0.7208999991416931,
            0.7416999936103821,
            0.7554000020027161,
            0.765999972820282,
            0.7791000008583069,
            0.7835000157356262,
            0.7885000109672546,
            0.7870000004768372
        ],
        "average_train_time": [
            0.010305110793113708,
            0.003814728751182556,
            0.0035359636068344118,
            0.0035068399810791015,
            0.0034976301670074463,
            0.0034662399768829347,
            0.0034483901834487917,
            0.003456620092391968,
            0.003496430230140686,
            0.0034933599615097045,
            0.003495179977416992,
            0.003471079983711243,
            0.0034627803707122803,
            0.0034615380668640136,
            0.003459446201324463,
            0.0034985605525970458
        ],
        "average_inference_time": [
            0.0022914067268371583,
            0.0011432000160217285,
            0.000885167145729065,
            0.0008577003002166748,
            0.0008582000732421875,
            0.0008596002101898193,
            0.0008574001550674438,
            0.0008543996810913086,
            0.0008537001132965088,
            0.0008557999610900879,
            0.0008539999485015869,
            0.0008492002248764038,
            0.0008539998292922974,
            0.0008563001871109008,
            0.0008736997842788696,
            0.0008559001684188842
        ],
        "compile_time": 0.07800006866455078,
        "build_time": 12.37657356262207,
        "save_time": 1.415999174118042,
        "mutation_info": {
            "parent": "",
            "cell_index": 0,
            "group_index": 0,
            "item_index": 0,
            "mutation_type": 0,
            "mutation_subtype": 0
        },
        "flops": 0
    },
    "parent_model_name": ""
}