{
    "embedding": [
        3,
        0,
        3,
        1,
        3,
        0,
        8,
        0,
        7,
        0,
        4,
        3,
        5,
        1,
        0,
        1,
        0,
        0,
        2,
        2,
        1,
        0,
        2,
        1,
        1,
        0,
        5,
        0,
        3,
        3,
        1,
        3,
        8,
        3,
        0,
        2,
        2,
        4,
        5,
        1
    ],
    "hyperparameters": {
        "CELL_STACKS": [
            3,
            1
        ],
        "CELL_STRIDES": [
            1,
            2
        ],
        "CELL_INDEX_FOR_REDUCTION": 1,
        "GROUPS_PER_CELL": 5,
        "OPS_PER_GROUP": 2,
        "CELL_LAYERS": 3,
        "TARGET_FILTER_DIMS": 24,
        "REDUCTION_EXPANSION_FACTOR": 2,
        "REDUCTION_EXPANSION_BEFORE": false,
        "REDUCE_CURRENT": false,
        "PASS_RESIDUAL": true,
        "CONCATENATE_ALL": false,
        "TRAIN_EPOCHS": 1,
        "TRAIN_ITERATIONS": 16,
        "MAXIMUM_LEARNING_RATE": 0.025,
        "MINIMUM_LEARNING_RATE": 0.001,
        "USE_SGDR": true,
        "BATCH_SIZE": 16,
        "SGDR_EPOCHS_PER_RESTART": 16,
        "SGDR_LR_DECAY": 0.8,
        "SGDR_PERIOD_DECAY": 2,
        "DROP_PATH_CHANCE": 0.6,
        "DROP_PATH_TOTAL_STEPS_MULTI": 1,
        "IDENTITY_THRESHOLD": 0.0
    },
    "model_name": "evo_1596115101.7007098",
    "metrics": {
        "accuracy": [
            0.5525000095367432,
            0.6240000128746033,
            0.7069000005722046,
            0.7645000219345093,
            0.7839999794960022,
            0.8048999905586243,
            0.815500020980835,
            0.8172000050544739,
            0.8276000022888184,
            0.8307999968528748,
            0.84170001745224,
            0.8486999869346619,
            0.8501999974250793,
            0.849399983882904,
            0.8528000116348267,
            0.8519999980926514
        ],
        "average_train_time": [
            0.010596680335998535,
            0.009856930122375488,
            0.010006361036300659,
            0.009862051167488098,
            0.010069379963874817,
            0.009933338260650635,
            0.009908970680236816,
            0.010000775065422058,
            0.009702288990020753,
            0.009913483963012695,
            0.010012590174674988,
            0.009894600439071656,
            0.0099685902261734,
            0.010024820008277893,
            0.011618944363594055,
            0.01026759250164032
        ],
        "average_inference_time": [
            0.0016474000215530396,
            0.001368299698829651,
            0.0013972002267837525,
            0.0013685003995895385,
            0.0013836000680923462,
            0.0013649999618530273,
            0.001366100001335144,
            0.001375901198387146,
            0.0013654615402221679,
            0.0013672998666763305,
            0.0013634999513626098,
            0.0014144000530242919,
            0.0013680000305175781,
            0.0013679002046585083,
            0.0014242828369140626,
            0.001373100209236145
        ],
        "compile_time": 0.07800030708312988,
        "build_time": 10.077000617980957,
        "save_time": 2.313218116760254,
        "mutation_info": {
            "parent": "",
            "cell_index": 0,
            "group_index": 0,
            "item_index": 0,
            "mutation_type": 0,
            "mutation_subtype": 0
        },
        "flops": 0
    },
    "parent_model_name": ""
}