{
    "embedding": [
        3,
        0,
        8,
        1,
        2,
        2,
        4,
        0,
        6,
        0,
        6,
        1,
        1,
        3,
        3,
        3,
        4,
        4,
        2,
        5,
        0,
        0,
        6,
        1,
        4,
        0,
        8,
        1,
        0,
        0,
        3,
        1,
        1,
        3,
        1,
        1,
        6,
        3,
        8,
        4
    ],
    "hyperparameters": {
        "CELL_STACKS": [
            6,
            1
        ],
        "CELL_STRIDES": [
            1,
            2
        ],
        "CELL_INDEX_FOR_REDUCTION": 1,
        "GROUPS_PER_CELL": 5,
        "OPS_PER_GROUP": 2,
        "CELL_LAYERS": 3,
        "TARGET_FILTER_DIMS": 32,
        "REDUCTION_EXPANSION_FACTOR": 2,
        "REDUCTION_EXPANSION_BEFORE": false,
        "REDUCE_CURRENT": false,
        "PASS_RESIDUAL": true,
        "CONCATENATE_ALL": false,
        "TRAIN_EPOCHS": 1,
        "TRAIN_ITERATIONS": 16,
        "MAXIMUM_LEARNING_RATE": 0.025,
        "MINIMUM_LEARNING_RATE": 0.001,
        "USE_SGDR": true,
        "BATCH_SIZE": 16,
        "SGDR_EPOCHS_PER_RESTART": 16,
        "SGDR_LR_DECAY": 0.8,
        "SGDR_PERIOD_DECAY": 2,
        "DROP_PATH_CHANCE": 0.6,
        "DROP_PATH_TOTAL_STEPS_MULTI": 1,
        "IDENTITY_THRESHOLD": 0.0
    },
    "model_name": "evo_1595409711.2368846",
    "metrics": {
        "accuracy": [
            0.1873999983072281,
            0.22050000727176666,
            0.2117999941110611,
            0.27649998664855957,
            0.2912999987602234,
            0.3287000060081482,
            0.35839998722076416,
            0.3707999885082245,
            0.3725999891757965,
            0.3756999969482422,
            0.3813000023365021,
            0.40149998664855957,
            0.41589999198913574,
            0.42419999837875366,
            0.4259999990463257,
            0.42989999055862427
        ],
        "average_train_time": [
            0.014998164372444153,
            0.013874700093269347,
            0.013824874906539917,
            0.013860687198638916,
            0.013883695464134217,
            0.013864053835868835,
            0.013825972175598144,
            0.013855044708251952,
            0.01379753028869629,
            0.013835811972618102,
            0.013910659561157227,
            0.013848230075836182,
            0.01390542245388031,
            0.01387621527671814,
            0.013881332774162293,
            0.01389631995677948
        ],
        "average_inference_time": [
            0.0020909570217132567,
            0.0016905000686645508,
            0.0016834999084472655,
            0.0016848000288009644,
            0.0016819000244140624,
            0.00168219997882843,
            0.0016828378915786743,
            0.001675200080871582,
            0.0016743000745773316,
            0.0016810001611709594,
            0.001671859312057495,
            0.0016943333625793458,
            0.0016851022958755493,
            0.001680600118637085,
            0.0016802999019622804,
            0.0016835999250411988
        ],
        "compile_time": 0.11000370979309082,
        "build_time": 21.83599877357483,
        "save_time": 1.6280007362365723,
        "mutation_info": {
            "parent": "",
            "cell_index": 0,
            "group_index": 0,
            "item_index": 0,
            "mutation_type": 0,
            "mutation_subtype": 0
        },
        "flops": 0
    },
    "parent_model_name": ""
}