{
    "embedding": [
        0,
        0,
        5,
        1,
        8,
        1,
        0,
        1,
        4,
        2,
        3,
        3,
        3,
        3,
        4,
        0,
        2,
        4,
        3,
        0,
        5,
        0,
        7,
        1,
        8,
        1,
        7,
        0,
        4,
        2,
        8,
        3,
        8,
        4,
        0,
        4,
        8,
        1,
        2,
        2
    ],
    "hyperparameters": {
        "CELL_STACKS": [
            3,
            1
        ],
        "CELL_STRIDES": [
            1,
            2
        ],
        "CELL_INDEX_FOR_REDUCTION": 1,
        "GROUPS_PER_CELL": 5,
        "OPS_PER_GROUP": 2,
        "CELL_LAYERS": 3,
        "TARGET_FILTER_DIMS": 24,
        "REDUCTION_EXPANSION_FACTOR": 2,
        "REDUCTION_EXPANSION_BEFORE": false,
        "REDUCE_CURRENT": false,
        "PASS_RESIDUAL": true,
        "CONCATENATE_ALL": false,
        "TRAIN_EPOCHS": 1,
        "TRAIN_ITERATIONS": 16,
        "MAXIMUM_LEARNING_RATE": 0.025,
        "MINIMUM_LEARNING_RATE": 0.001,
        "USE_SGDR": true,
        "BATCH_SIZE": 16,
        "SGDR_EPOCHS_PER_RESTART": 16,
        "SGDR_LR_DECAY": 0.8,
        "SGDR_PERIOD_DECAY": 2,
        "DROP_PATH_CHANCE": 0.6,
        "DROP_PATH_TOTAL_STEPS_MULTI": 1,
        "IDENTITY_THRESHOLD": 0.0
    },
    "model_name": "evo_1596179171.180484",
    "metrics": {
        "accuracy": [
            0.5411999821662903,
            0.6509000062942505,
            0.6937000155448914,
            0.7621999979019165,
            0.7599999904632568,
            0.7857000231742859,
            0.8050000071525574,
            0.8136000037193298,
            0.820900022983551,
            0.8381999731063843,
            0.8353999853134155,
            0.8493000268936157,
            0.8537999987602234,
            0.8564000129699707,
            0.8561999797821045,
            0.8575000166893005
        ],
        "average_train_time": [
            0.009043301072120667,
            0.008219959950447083,
            0.008283770804405212,
            0.008395200600624084,
            0.008405610222816468,
            0.008360499997138978,
            0.008389309911727906,
            0.008391570224761963,
            0.008181717476844787,
            0.008344676294326782,
            0.008407447824478149,
            0.008273140892982483,
            0.008171024460792542,
            0.008140690121650695,
            0.008350359964370727,
            0.008420330657958984
        ],
        "average_inference_time": [
            0.0013265999555587768,
            0.0010544002056121827,
            0.0010587001085281373,
            0.0010592001914978028,
            0.0010576000452041626,
            0.0010602999925613404,
            0.0010613998174667358,
            0.001060600781440735,
            0.0010572999000549317,
            0.0010581001043319701,
            0.0010599999666213989,
            0.0010564050674438477,
            0.001055733346939087,
            0.0010545001268386842,
            0.0010656001091003417,
            0.0010603000402450561
        ],
        "compile_time": 0.08199882507324219,
        "build_time": 12.151001214981079,
        "save_time": 0.8719987869262695,
        "mutation_info": {
            "parent": "",
            "cell_index": 0,
            "group_index": 0,
            "item_index": 0,
            "mutation_type": 0,
            "mutation_subtype": 0
        },
        "flops": 0
    },
    "parent_model_name": ""
}