{
    "embedding": [
        4,
        0,
        5,
        1,
        7,
        1,
        1,
        0,
        0,
        2,
        7,
        0,
        8,
        4,
        6,
        4,
        3,
        1,
        2,
        0,
        1,
        0,
        0,
        1,
        6,
        2,
        1,
        0,
        6,
        0,
        2,
        0,
        7,
        2,
        6,
        2,
        0,
        1,
        2,
        0
    ],
    "hyperparameters": {
        "CELL_STACKS": [
            3,
            1
        ],
        "CELL_STRIDES": [
            1,
            2
        ],
        "CELL_INDEX_FOR_REDUCTION": 1,
        "GROUPS_PER_CELL": 5,
        "OPS_PER_GROUP": 2,
        "CELL_LAYERS": 3,
        "TARGET_FILTER_DIMS": 24,
        "REDUCTION_EXPANSION_FACTOR": 2,
        "REDUCTION_EXPANSION_BEFORE": false,
        "REDUCE_CURRENT": false,
        "PASS_RESIDUAL": true,
        "CONCATENATE_ALL": false,
        "TRAIN_EPOCHS": 1,
        "TRAIN_ITERATIONS": 16,
        "MAXIMUM_LEARNING_RATE": 0.025,
        "MINIMUM_LEARNING_RATE": 0.001,
        "USE_SGDR": true,
        "BATCH_SIZE": 16,
        "SGDR_EPOCHS_PER_RESTART": 16,
        "SGDR_LR_DECAY": 0.8,
        "SGDR_PERIOD_DECAY": 2,
        "DROP_PATH_CHANCE": 0.6,
        "DROP_PATH_TOTAL_STEPS_MULTI": 1,
        "IDENTITY_THRESHOLD": 0.0
    },
    "model_name": "evo_1596093383.6036599",
    "metrics": {
        "accuracy": [
            0.534500002861023,
            0.5889000296592712,
            0.677299976348877,
            0.7276999950408936,
            0.6837999820709229,
            0.7411999702453613,
            0.7890999913215637,
            0.8075000047683716,
            0.8083999752998352,
            0.8220000267028809,
            0.8306999802589417,
            0.8313000202178955,
            0.8429999947547913,
            0.8482999801635742,
            0.8489000201225281,
            0.8481000065803528
        ],
        "average_train_time": [
            0.009473140778541564,
            0.00894926284790039,
            0.008931139197349548,
            0.00894884042263031,
            0.008907081360816955,
            0.008948143200874328,
            0.00891882869720459,
            0.008950210199356079,
            0.008899934616088867,
            0.008953303270339965,
            0.008785127077102661,
            0.008814247999191284,
            0.008907225117683411,
            0.008929484510421753,
            0.008918350210189819,
            0.008904792556762695
        ],
        "average_inference_time": [
            0.0015710001230239867,
            0.001332400107383728,
            0.001308900785446167,
            0.001312200093269348,
            0.0013107002973556517,
            0.0013090998888015746,
            0.0013100000619888305,
            0.0013114004611968994,
            0.0013083003759384155,
            0.0013084001541137696,
            0.001306600308418274,
            0.0013086055994033813,
            0.0013077002286911012,
            0.0013108937501907349,
            0.001308900022506714,
            0.0013073002099990845
        ],
        "compile_time": 0.07299971580505371,
        "build_time": 10.566913366317749,
        "save_time": 2.2999963760375977,
        "mutation_info": {
            "parent": "",
            "cell_index": 0,
            "group_index": 0,
            "item_index": 0,
            "mutation_type": 0,
            "mutation_subtype": 0
        },
        "flops": 0
    },
    "parent_model_name": ""
}