{
    "embedding": [
        1,
        0,
        8,
        1,
        7,
        1,
        4,
        1,
        8,
        2,
        6,
        1,
        6,
        3,
        5,
        1,
        7,
        1,
        8,
        0,
        4,
        0,
        5,
        1,
        8,
        2,
        5,
        1,
        7,
        3,
        1,
        3,
        0,
        3,
        3,
        1,
        0,
        1,
        8,
        5
    ],
    "hyperparameters": {
        "CELL_STACKS": [
            3,
            1
        ],
        "CELL_STRIDES": [
            1,
            2
        ],
        "CELL_INDEX_FOR_REDUCTION": 1,
        "GROUPS_PER_CELL": 5,
        "OPS_PER_GROUP": 2,
        "CELL_LAYERS": 3,
        "TARGET_FILTER_DIMS": 24,
        "REDUCTION_EXPANSION_FACTOR": 2,
        "REDUCTION_EXPANSION_BEFORE": false,
        "REDUCE_CURRENT": false,
        "PASS_RESIDUAL": true,
        "CONCATENATE_ALL": false,
        "TRAIN_EPOCHS": 1,
        "TRAIN_ITERATIONS": 32,
        "MAXIMUM_LEARNING_RATE": 0.025,
        "MINIMUM_LEARNING_RATE": 0.001,
        "USE_SGDR": true,
        "BATCH_SIZE": 16,
        "SGDR_EPOCHS_PER_RESTART": 32,
        "SGDR_LR_DECAY": 0.8,
        "SGDR_PERIOD_DECAY": 2,
        "DROP_PATH_CHANCE": 0.6,
        "DROP_PATH_TOTAL_STEPS_MULTI": 1,
        "IDENTITY_THRESHOLD": 0.0
    },
    "model_name": "evo_1593832075.4225829",
    "metrics": {
        "accuracy": [
            0.5740000009536743,
            0.6664000153541565,
            0.7178000211715698,
            0.7591999769210815,
            0.7809000015258789,
            0.7978000044822693,
            0.7878000140190125,
            0.8188999891281128,
            0.8119999766349792,
            0.8378999829292297,
            0.8384000062942505,
            0.8529999852180481,
            0.8406000137329102,
            0.8531000018119812,
            0.8525999784469604,
            0.8463000059127808,
            0.8533999919891357,
            0.8593999743461609,
            0.857699990272522,
            0.8623999953269958,
            0.866100013256073,
            0.8639000058174133,
            0.8659999966621399,
            0.8704000115394592,
            0.8686000108718872,
            0.8712000250816345,
            0.8725000023841858,
            0.8726999759674072,
            0.8737999796867371,
            0.8730999827384949,
            0.8748999834060669,
            0.8734999895095825
        ],
        "average_train_time": [
            0.0087031201171875,
            0.008145919995307923,
            0.00814505974292755,
            0.008132939949035644,
            0.00809641680240631,
            0.008083320021629333,
            0.008186699290275573,
            0.008131159300804137,
            0.00811168110370636,
            0.008131495056152344,
            0.008926708579063415,
            0.008714272050857544,
            0.008558076548576356,
            0.00844933023929596,
            0.00836683042526245,
            0.008189959135055542,
            0.008219699783325195,
            0.008293299889564515,
            0.00830279025554657,
            0.008289800014495849,
            0.008260320057868958,
            0.008284819493293762,
            0.008248253364562988,
            0.008337369718551636,
            0.008220970253944398,
            0.008286700057983399,
            0.008219259996414185,
            0.008341428570747376,
            0.008253150067329407,
            0.008337300448417663,
            0.008348570065498353,
            0.00836120141506195
        ],
        "average_inference_time": [
            0.001466000509262085,
            0.0012299004793167115,
            0.001222800350189209,
            0.0012276525020599365,
            0.0012445786714553834,
            0.0012275070905685425,
            0.0012220146179199218,
            0.001235350799560547,
            0.001223261260986328,
            0.001223014235496521,
            0.0012724059581756591,
            0.0012571038484573364,
            0.0012611284494400024,
            0.0012681001663208008,
            0.001258300256729126,
            0.0012246005535125732,
            0.0012448004007339477,
            0.0012259002447128297,
            0.001238899827003479,
            0.0012498003959655762,
            0.0012265002727508544,
            0.0012424998760223389,
            0.0012350000858306885,
            0.001250500464439392,
            0.0012262999534606933,
            0.0012454005241394042,
            0.0012304246425628661,
            0.0012228002786636352,
            0.0012417666673660277,
            0.0012269004106521607,
            0.0012263092994689942,
            0.0012437997579574586
        ],
        "compile_time": 0.07699871063232422,
        "build_time": 11.426000118255615,
        "save_time": 1.3241491317749023,
        "mutation_info": {
            "parent": "",
            "cell_index": 0,
            "group_index": 0,
            "item_index": 0,
            "mutation_type": 0,
            "mutation_subtype": 0
        },
        "flops": 0
    },
    "parent_model_name": ""
}