{
    "embedding": [
        5,
        0,
        5,
        1,
        3,
        2,
        3,
        2,
        6,
        2,
        6,
        0,
        2,
        1,
        3,
        0,
        8,
        3,
        0,
        2,
        1,
        0,
        1,
        1,
        4,
        1,
        2,
        0,
        5,
        0,
        1,
        0,
        7,
        0,
        0,
        1,
        8,
        5,
        4,
        0
    ],
    "hyperparameters": {
        "CELL_STACKS": [
            6,
            1
        ],
        "CELL_STRIDES": [
            1,
            2
        ],
        "CELL_INDEX_FOR_REDUCTION": 1,
        "GROUPS_PER_CELL": 5,
        "OPS_PER_GROUP": 2,
        "CELL_LAYERS": 3,
        "TARGET_FILTER_DIMS": 32,
        "REDUCTION_EXPANSION_FACTOR": 2,
        "REDUCTION_EXPANSION_BEFORE": false,
        "REDUCE_CURRENT": false,
        "PASS_RESIDUAL": true,
        "CONCATENATE_ALL": false,
        "TRAIN_EPOCHS": 1,
        "TRAIN_ITERATIONS": 32,
        "MAXIMUM_LEARNING_RATE": 0.025,
        "MINIMUM_LEARNING_RATE": 0.001,
        "USE_SGDR": true,
        "BATCH_SIZE": 16,
        "SGDR_EPOCHS_PER_RESTART": 32,
        "SGDR_LR_DECAY": 0.8,
        "SGDR_PERIOD_DECAY": 2,
        "DROP_PATH_CHANCE": 0.6,
        "DROP_PATH_TOTAL_STEPS_MULTI": 1,
        "IDENTITY_THRESHOLD": 0.0
    },
    "model_name": "evo_1593964474.4277372",
    "metrics": {
        "accuracy": [
            0.40639999508857727,
            0.5005999803543091,
            0.573199987411499,
            0.6262999773025513,
            0.6520000100135803,
            0.7095000147819519,
            0.7208999991416931,
            0.7405999898910522,
            0.7473999857902527,
            0.7853999733924866,
            0.7749999761581421,
            0.7929999828338623,
            0.7991999983787537,
            0.8079000115394592,
            0.7978000044822693,
            0.8101999759674072,
            0.8215000033378601,
            0.8251000046730042,
            0.8199999928474426,
            0.8263000249862671,
            0.8295000195503235,
            0.8306000232696533,
            0.8375999927520752,
            0.8417999744415283,
            0.8483999967575073,
            0.8428999781608582,
            0.84170001745224,
            0.8463000059127808,
            0.8478000164031982,
            0.8500999808311462,
            0.8483999967575073,
            0.8497999906539917
        ],
        "average_train_time": [
            0.019025021138191222,
            0.019354836812019348,
            0.01257395528793335,
            0.0120405140209198,
            0.012043433008193969,
            0.012067570948600769,
            0.012094306654930114,
            0.012092628526687622,
            0.012084399089813232,
            0.012712910804748534,
            0.012241797018051148,
            0.012247611479759217,
            0.012211780018806458,
            0.012245876479148864,
            0.012217730464935303,
            0.0122315336227417,
            0.01223504756450653,
            0.012216617789268493,
            0.0122012078666687,
            0.01220942702293396,
            0.012206858229637145,
            0.012184110670089721,
            0.012192142243385315,
            0.012189147820472717,
            0.012061910252571107,
            0.011982765488624572,
            0.011936009635925292,
            0.011875977101325989,
            0.01182848009109497,
            0.011834571380615234,
            0.011823248662948609,
            0.011785736522674561
        ],
        "average_inference_time": [
            0.003176454830169678,
            0.0031145997285842897,
            0.003290900754928589,
            0.0028172003030776977,
            0.002827025318145752,
            0.0028303999900817873,
            0.002836199951171875,
            0.002831000089645386,
            0.002829299998283386,
            0.0032292991876602174,
            0.002823339867591858,
            0.0028315999984741213,
            0.00283379967212677,
            0.0028370009899139404,
            0.0028362000703811645,
            0.0028213375329971314,
            0.002833299970626831,
            0.002846443486213684,
            0.002824041771888733,
            0.00282976279258728,
            0.0028201997995376585,
            0.002818459415435791,
            0.0028141997814178465,
            0.002814999771118164,
            0.002798899960517883,
            0.0027779479265213013,
            0.0027622999906539917,
            0.002758700132369995,
            0.0027642998456954954,
            0.0027556474924087526,
            0.0027577000379562376,
            0.0027415431022644043
        ],
        "compile_time": 0.1109771728515625,
        "build_time": 16.90802001953125,
        "save_time": 1.8540723323822021,
        "mutation_info": {
            "parent": "",
            "cell_index": 0,
            "group_index": 0,
            "item_index": 0,
            "mutation_type": 0,
            "mutation_subtype": 0
        },
        "flops": 0
    },
    "parent_model_name": ""
}