{
    "embedding": [
        2,
        0,
        8,
        1,
        6,
        1,
        2,
        2,
        7,
        3,
        5,
        1,
        6,
        4,
        4,
        3,
        3,
        5,
        5,
        3,
        0,
        0,
        2,
        1,
        5,
        1,
        3,
        0,
        5,
        0,
        5,
        1,
        5,
        2,
        3,
        3,
        3,
        5,
        8,
        2
    ],
    "hyperparameters": {
        "CELL_STACKS": [
            5,
            1
        ],
        "CELL_STRIDES": [
            1,
            2
        ],
        "CELL_INDEX_FOR_REDUCTION": 1,
        "GROUPS_PER_CELL": 5,
        "OPS_PER_GROUP": 2,
        "CELL_LAYERS": 3,
        "TARGET_FILTER_DIMS": 24,
        "REDUCTION_EXPANSION_FACTOR": 2,
        "REDUCTION_EXPANSION_BEFORE": false,
        "REDUCE_CURRENT": false,
        "PASS_RESIDUAL": true,
        "CONCATENATE_ALL": false,
        "TRAIN_EPOCHS": 1,
        "TRAIN_ITERATIONS": 16,
        "MAXIMUM_LEARNING_RATE": 0.025,
        "MINIMUM_LEARNING_RATE": 0.001,
        "USE_SGDR": true,
        "BATCH_SIZE": 16,
        "SGDR_EPOCHS_PER_RESTART": 16,
        "SGDR_LR_DECAY": 0.8,
        "SGDR_PERIOD_DECAY": 2,
        "DROP_PATH_CHANCE": 0.6,
        "DROP_PATH_TOTAL_STEPS_MULTI": 1,
        "IDENTITY_THRESHOLD": 0.0,
        "NORMAL_CELL_N": 3
    },
    "model_name": "evo_1594541772.9363682",
    "metrics": {
        "accuracy": [
            0.4004000127315521,
            0.517300009727478,
            0.5860999822616577,
            0.5730999708175659,
            0.609000027179718,
            0.6751000285148621,
            0.6972000002861023,
            0.7307999730110168,
            0.7491999864578247,
            0.7703999876976013,
            0.7666000127792358,
            0.7896999716758728,
            0.7939000129699707,
            0.794700026512146,
            0.8008000254631042,
            0.8021000027656555
        ],
        "average_train_time": [
            0.011340589351654053,
            0.010844020009040832,
            0.010910820093154907,
            0.010828496060371399,
            0.010866700048446655,
            0.01067417959690094,
            0.010800360026359559,
            0.010925560030937195,
            0.010622660031318664,
            0.010942959561347962,
            0.010650279998779297,
            0.01075145996570587,
            0.010878400025367737,
            0.010861890635490418,
            0.01048844075202942,
            0.010813849225044251
        ],
        "average_inference_time": [
            0.0014443000555038452,
            0.0011652006149291993,
            0.0011652996063232421,
            0.001167768955230713,
            0.0011674570560455321,
            0.001166700267791748,
            0.0011756000518798827,
            0.0011657001495361328,
            0.0011641002178192138,
            0.001216868805885315,
            0.0011654999017715454,
            0.0012034002780914306,
            0.0011636002063751222,
            0.0011646344900131226,
            0.0011670850276947022,
            0.001164100193977356
        ],
        "compile_time": 0.08597707748413086,
        "build_time": 14.267024040222168,
        "save_time": 1.8059449195861816,
        "mutation_info": {
            "parent": "",
            "cell_index": 0,
            "group_index": 0,
            "item_index": 0,
            "mutation_type": 0,
            "mutation_subtype": 0
        },
        "flops": 0
    },
    "parent_model_name": ""
}