{
    "embedding": [
        4,
        0,
        5,
        1,
        7,
        1,
        1,
        0,
        0,
        2,
        7,
        0,
        8,
        4,
        6,
        4,
        3,
        1,
        2,
        0,
        1,
        0,
        0,
        1,
        6,
        2,
        1,
        0,
        6,
        0,
        2,
        0,
        7,
        2,
        6,
        2,
        0,
        1,
        2,
        0
    ],
    "hyperparameters": {
        "CELL_STACKS": [
            3,
            1
        ],
        "CELL_STRIDES": [
            1,
            2
        ],
        "CELL_INDEX_FOR_REDUCTION": 1,
        "GROUPS_PER_CELL": 5,
        "OPS_PER_GROUP": 2,
        "CELL_LAYERS": 3,
        "TARGET_FILTER_DIMS": 24,
        "REDUCTION_EXPANSION_FACTOR": 2,
        "REDUCTION_EXPANSION_BEFORE": false,
        "REDUCE_CURRENT": false,
        "PASS_RESIDUAL": true,
        "CONCATENATE_ALL": false,
        "TRAIN_EPOCHS": 1,
        "TRAIN_ITERATIONS": 32,
        "MAXIMUM_LEARNING_RATE": 0.025,
        "MINIMUM_LEARNING_RATE": 0.001,
        "USE_SGDR": true,
        "BATCH_SIZE": 16,
        "SGDR_EPOCHS_PER_RESTART": 32,
        "SGDR_LR_DECAY": 0.8,
        "SGDR_PERIOD_DECAY": 2,
        "DROP_PATH_CHANCE": 0.6,
        "DROP_PATH_TOTAL_STEPS_MULTI": 1,
        "IDENTITY_THRESHOLD": 0.0
    },
    "model_name": "evo_1593787621.664243",
    "metrics": {
        "accuracy": [
            0.5412999987602234,
            0.5503000020980835,
            0.6955999732017517,
            0.713100016117096,
            0.7634000182151794,
            0.7651000022888184,
            0.7793999910354614,
            0.7960000038146973,
            0.7749000191688538,
            0.8167999982833862,
            0.7975999712944031,
            0.8282999992370605,
            0.824400007724762,
            0.8180000185966492,
            0.8327999711036682,
            0.8364999890327454,
            0.8234999775886536,
            0.8414999842643738,
            0.8345999717712402,
            0.836899995803833,
            0.8342999815940857,
            0.8452000021934509,
            0.8521999716758728,
            0.8500999808311462,
            0.853600025177002,
            0.8510000109672546,
            0.8557000160217285,
            0.8575999736785889,
            0.8596000075340271,
            0.8564000129699707,
            0.8572999835014343,
            0.8604000210762024
        ],
        "average_train_time": [
            0.008980460047721862,
            0.008442495017051696,
            0.008403660011291504,
            0.008475980033874512,
            0.00841037944316864,
            0.008429259796142579,
            0.008414099698066712,
            0.00843818925857544,
            0.00843056128025055,
            0.008399810791015625,
            0.008545552735328674,
            0.008428999280929566,
            0.008409939999580384,
            0.008461755666732788,
            0.008399512152671814,
            0.008467935514450074,
            0.008488860030174255,
            0.008413260035514831,
            0.008447779965400696,
            0.008523819899559021,
            0.008436060099601746,
            0.008536740798950195,
            0.008387474122047425,
            0.008395159468650817,
            0.008424567012786864,
            0.008408193340301514,
            0.00842446090221405,
            0.00841676957130432,
            0.008412680416107177,
            0.008484683365821838,
            0.00843801887512207,
            0.008479360070228576
        ],
        "average_inference_time": [
            0.0015099765062332154,
            0.0012977843046188355,
            0.0013167748928070069,
            0.001300399947166443,
            0.0012937997817993165,
            0.0013056004524230958,
            0.0013011560201644898,
            0.0012983001708984376,
            0.00130112042427063,
            0.0012991998672485352,
            0.0013048220634460448,
            0.001300200653076172,
            0.0012981038093566894,
            0.0013022485494613649,
            0.001302818536758423,
            0.00129660005569458,
            0.0013011998414993286,
            0.0013011001825332642,
            0.0013020999431610108,
            0.0012999001026153564,
            0.0012980995655059815,
            0.0012988320827484131,
            0.001298786687850952,
            0.0013110005855560302,
            0.00129883189201355,
            0.001300600004196167,
            0.0013021933794021606,
            0.0012970031261444093,
            0.0012982953310012818,
            0.0013012000560760498,
            0.0013046804189682007,
            0.00130239999294281
        ],
        "compile_time": 0.07100033760070801,
        "build_time": 8.212000131607056,
        "save_time": 1.840648889541626,
        "mutation_info": {
            "parent": "",
            "cell_index": 0,
            "group_index": 0,
            "item_index": 0,
            "mutation_type": 0,
            "mutation_subtype": 0
        },
        "flops": 0
    },
    "parent_model_name": ""
}