{
    "embedding": [
        7,
        0,
        6,
        1,
        6,
        0,
        8,
        2,
        1,
        0,
        5,
        3,
        7,
        0,
        5,
        4,
        6,
        2,
        4,
        0,
        6,
        0,
        7,
        1,
        0,
        2,
        3,
        2,
        4,
        2,
        0,
        0,
        7,
        0,
        2,
        0,
        6,
        2,
        0,
        5
    ],
    "hyperparameters": {
        "CELL_STACKS": [
            5,
            1
        ],
        "CELL_STRIDES": [
            1,
            2
        ],
        "CELL_INDEX_FOR_REDUCTION": 1,
        "GROUPS_PER_CELL": 5,
        "OPS_PER_GROUP": 2,
        "CELL_LAYERS": 3,
        "TARGET_FILTER_DIMS": 24,
        "REDUCTION_EXPANSION_FACTOR": 2,
        "REDUCTION_EXPANSION_BEFORE": false,
        "REDUCE_CURRENT": false,
        "PASS_RESIDUAL": true,
        "CONCATENATE_ALL": false,
        "TRAIN_EPOCHS": 1,
        "TRAIN_ITERATIONS": 16,
        "MAXIMUM_LEARNING_RATE": 0.025,
        "MINIMUM_LEARNING_RATE": 0.001,
        "USE_SGDR": true,
        "BATCH_SIZE": 16,
        "SGDR_EPOCHS_PER_RESTART": 16,
        "SGDR_LR_DECAY": 0.8,
        "SGDR_PERIOD_DECAY": 2,
        "DROP_PATH_CHANCE": 0.6,
        "DROP_PATH_TOTAL_STEPS_MULTI": 1,
        "IDENTITY_THRESHOLD": 0.0,
        "NORMAL_CELL_N": 3
    },
    "model_name": "evo_1594550668.4118388",
    "metrics": {
        "accuracy": [
            0.4156000018119812,
            0.48019999265670776,
            0.5562000274658203,
            0.532800018787384,
            0.6212000250816345,
            0.6761999726295471,
            0.7034000158309937,
            0.7032999992370605,
            0.714900016784668,
            0.718500018119812,
            0.7516999840736389,
            0.7588000297546387,
            0.767300009727478,
            0.7710999846458435,
            0.7730000019073486,
            0.7742000222206116
        ],
        "average_train_time": [
            0.011801886658668518,
            0.011007219524383546,
            0.010858335032463074,
            0.010805899505615234,
            0.0110903599691391,
            0.010969900002479552,
            0.011015530290603637,
            0.011008500118255615,
            0.010982564029693604,
            0.011022006525993347,
            0.011023679695129395,
            0.01099154004573822,
            0.011038940043449403,
            0.010972380003929139,
            0.011034240026473999,
            0.010685880165100097
        ],
        "average_inference_time": [
            0.0017362136125564575,
            0.0014252360820770265,
            0.0014254522562026977,
            0.0014366004467010497,
            0.0014442003250122071,
            0.0014278004884719848,
            0.0014274999856948853,
            0.0014272994041442872,
            0.001426900029182434,
            0.0014275732040405274,
            0.0014332000970840454,
            0.00142520010471344,
            0.001435500168800354,
            0.0014284001350402832,
            0.0014691997289657593,
            0.001426629090309143
        ],
        "compile_time": 0.0970001220703125,
        "build_time": 13.980998992919922,
        "save_time": 1.4687976837158203,
        "mutation_info": {
            "parent": "",
            "cell_index": 0,
            "group_index": 0,
            "item_index": 0,
            "mutation_type": 0,
            "mutation_subtype": 0
        },
        "flops": 0
    },
    "parent_model_name": ""
}