{
    "embedding": [
        5,
        0,
        5,
        1,
        3,
        2,
        3,
        2,
        6,
        2,
        6,
        0,
        2,
        1,
        3,
        0,
        8,
        3,
        0,
        2,
        1,
        0,
        1,
        1,
        4,
        1,
        2,
        0,
        5,
        0,
        1,
        0,
        7,
        0,
        0,
        1,
        8,
        5,
        4,
        0
    ],
    "hyperparameters": {
        "CELL_STACKS": [
            3,
            1
        ],
        "CELL_STRIDES": [
            1,
            2
        ],
        "CELL_INDEX_FOR_REDUCTION": 1,
        "GROUPS_PER_CELL": 5,
        "OPS_PER_GROUP": 2,
        "CELL_LAYERS": 3,
        "TARGET_FILTER_DIMS": 24,
        "REDUCTION_EXPANSION_FACTOR": 2,
        "REDUCTION_EXPANSION_BEFORE": false,
        "REDUCE_CURRENT": false,
        "PASS_RESIDUAL": true,
        "CONCATENATE_ALL": false,
        "TRAIN_EPOCHS": 1,
        "TRAIN_ITERATIONS": 16,
        "MAXIMUM_LEARNING_RATE": 0.025,
        "MINIMUM_LEARNING_RATE": 0.001,
        "USE_SGDR": true,
        "BATCH_SIZE": 16,
        "SGDR_EPOCHS_PER_RESTART": 16,
        "SGDR_LR_DECAY": 0.8,
        "SGDR_PERIOD_DECAY": 2,
        "DROP_PATH_CHANCE": 0.6,
        "DROP_PATH_TOTAL_STEPS_MULTI": 1,
        "IDENTITY_THRESHOLD": 0.0
    },
    "model_name": "evo_1595442544.6427686",
    "metrics": {
        "accuracy": [
            0.4896000027656555,
            0.5616999864578247,
            0.6198999881744385,
            0.7088000178337097,
            0.7369999885559082,
            0.7454000115394592,
            0.7871999740600586,
            0.7904000282287598,
            0.8068000078201294,
            0.8087999820709229,
            0.82669997215271,
            0.8355000019073486,
            0.8345999717712402,
            0.8378000259399414,
            0.840399980545044,
            0.8396000266075134
        ],
        "average_train_time": [
            0.010430001702308655,
            0.010716614117622375,
            0.010208401594161988,
            0.013784967627525329,
            0.010065511121749878,
            0.00981639111995697,
            0.010301184816360474,
            0.010456799869537353,
            0.010338402032852172,
            0.009669130206108094,
            0.009350129952430725,
            0.009447139325141907,
            0.009306722149848939,
            0.009386730213165283,
            0.009327190251350403,
            0.009384879994392395
        ],
        "average_inference_time": [
            0.001552679991722107,
            0.001707878589630127,
            0.001657962703704834,
            0.0015032755374908447,
            0.001320799732208252,
            0.0013358045816421508,
            0.0013432003021240234,
            0.0013786923885345458,
            0.0015192999124526978,
            0.0012854999780654906,
            0.0012876999855041503,
            0.0013091999530792237,
            0.0012972000122070313,
            0.0012966119289398194,
            0.0013004997491836549,
            0.001291400146484375
        ],
        "compile_time": 0.07900023460388184,
        "build_time": 13.82906436920166,
        "save_time": 1.9539997577667236,
        "mutation_info": {
            "parent": "",
            "cell_index": 0,
            "group_index": 0,
            "item_index": 0,
            "mutation_type": 0,
            "mutation_subtype": 0
        },
        "flops": 0
    },
    "parent_model_name": ""
}