{
    "embedding": [
        2,
        0,
        4,
        1,
        2,
        2,
        3,
        2,
        0,
        0,
        6,
        3,
        2,
        3,
        3,
        3,
        3,
        3,
        1,
        1,
        4,
        0,
        0,
        1,
        4,
        2,
        2,
        0,
        5,
        2,
        0,
        3,
        4,
        2,
        6,
        2,
        3,
        1,
        8,
        0
    ],
    "hyperparameters": {
        "CELL_STACKS": [
            3,
            1
        ],
        "CELL_STRIDES": [
            1,
            2
        ],
        "CELL_INDEX_FOR_REDUCTION": 1,
        "GROUPS_PER_CELL": 5,
        "OPS_PER_GROUP": 2,
        "CELL_LAYERS": 3,
        "TARGET_FILTER_DIMS": 24,
        "REDUCTION_EXPANSION_FACTOR": 2,
        "REDUCTION_EXPANSION_BEFORE": false,
        "REDUCE_CURRENT": false,
        "PASS_RESIDUAL": true,
        "CONCATENATE_ALL": false,
        "TRAIN_EPOCHS": 1,
        "TRAIN_ITERATIONS": 16,
        "MAXIMUM_LEARNING_RATE": 0.025,
        "MINIMUM_LEARNING_RATE": 0.001,
        "USE_SGDR": true,
        "BATCH_SIZE": 16,
        "SGDR_EPOCHS_PER_RESTART": 16,
        "SGDR_LR_DECAY": 0.8,
        "SGDR_PERIOD_DECAY": 2,
        "DROP_PATH_CHANCE": 0.6,
        "DROP_PATH_TOTAL_STEPS_MULTI": 1,
        "IDENTITY_THRESHOLD": 0.0
    },
    "model_name": "evo_1596100803.5599294",
    "metrics": {
        "accuracy": [
            0.49810001254081726,
            0.5958999991416931,
            0.670199990272522,
            0.6916000247001648,
            0.7329000234603882,
            0.7487999796867371,
            0.7734000086784363,
            0.7894999980926514,
            0.8087999820709229,
            0.8144000172615051,
            0.815500020980835,
            0.830299973487854,
            0.8292999863624573,
            0.8330000042915344,
            0.8363000154495239,
            0.8352000117301941
        ],
        "average_train_time": [
            0.009171260042190552,
            0.008541090693473816,
            0.008456936721801757,
            0.008367099323272705,
            0.00853907998085022,
            0.008581591005325318,
            0.008558832459449769,
            0.00857522038936615,
            0.008522428989410401,
            0.008350918097496033,
            0.00855260031223297,
            0.00859929018497467,
            0.008410519728660583,
            0.008223019986152649,
            0.008399019951820373,
            0.008691040015220641
        ],
        "average_inference_time": [
            0.0013513002634048463,
            0.0010640002965927125,
            0.0010520998239517212,
            0.0010531792163848877,
            0.001058600115776062,
            0.0010576513051986695,
            0.0011041999578475952,
            0.0010604001522064208,
            0.0010695000648498535,
            0.0010563441038131715,
            0.0010592999458312988,
            0.0010674004316329957,
            0.001053000497817993,
            0.0010532003164291381,
            0.0010591001510620117,
            0.0010604999542236327
        ],
        "compile_time": 0.07399940490722656,
        "build_time": 10.66499924659729,
        "save_time": 2.2039995193481445,
        "mutation_info": {
            "parent": "",
            "cell_index": 0,
            "group_index": 0,
            "item_index": 0,
            "mutation_type": 0,
            "mutation_subtype": 0
        },
        "flops": 0
    },
    "parent_model_name": ""
}