{
    "embedding": [
        4,
        0,
        5,
        1,
        7,
        1,
        1,
        0,
        0,
        2,
        7,
        0,
        8,
        4,
        6,
        4,
        3,
        1,
        2,
        0,
        1,
        0,
        0,
        1,
        6,
        2,
        1,
        0,
        6,
        0,
        2,
        0,
        7,
        2,
        6,
        2,
        0,
        1,
        2,
        0
    ],
    "hyperparameters": {
        "CELL_STACKS": [
            5,
            1
        ],
        "CELL_STRIDES": [
            1,
            2
        ],
        "CELL_INDEX_FOR_REDUCTION": 1,
        "GROUPS_PER_CELL": 5,
        "OPS_PER_GROUP": 2,
        "CELL_LAYERS": 3,
        "TARGET_FILTER_DIMS": 24,
        "REDUCTION_EXPANSION_FACTOR": 2,
        "REDUCTION_EXPANSION_BEFORE": false,
        "REDUCE_CURRENT": false,
        "PASS_RESIDUAL": true,
        "CONCATENATE_ALL": false,
        "TRAIN_EPOCHS": 1,
        "TRAIN_ITERATIONS": 16,
        "MAXIMUM_LEARNING_RATE": 0.025,
        "MINIMUM_LEARNING_RATE": 0.001,
        "USE_SGDR": true,
        "BATCH_SIZE": 16,
        "SGDR_EPOCHS_PER_RESTART": 16,
        "SGDR_LR_DECAY": 0.8,
        "SGDR_PERIOD_DECAY": 2,
        "DROP_PATH_CHANCE": 0.6,
        "DROP_PATH_TOTAL_STEPS_MULTI": 1,
        "IDENTITY_THRESHOLD": 0.0,
        "NORMAL_CELL_N": 3
    },
    "model_name": "evo_1594594297.2755392",
    "metrics": {
        "accuracy": [
            0.4722999930381775,
            0.5353999733924866,
            0.6252999901771545,
            0.6614999771118164,
            0.7134000062942505,
            0.7422999739646912,
            0.7627000212669373,
            0.781499981880188,
            0.7932000160217285,
            0.8033999800682068,
            0.819100022315979,
            0.8235999941825867,
            0.8294000029563904,
            0.8361999988555908,
            0.8377000093460083,
            0.838699996471405
        ],
        "average_train_time": [
            0.013808358154296875,
            0.012862688179016113,
            0.012932805213928223,
            0.012934061980247498,
            0.012956480016708374,
            0.012884917373657226,
            0.013825074429512025,
            0.013255693883895874,
            0.01378219735622406,
            0.014071540269851685,
            0.013293899035453796,
            0.01563886625289917,
            0.020993703246116636,
            0.021090769929885865,
            0.021476804857254027,
            0.020431216235160827
        ],
        "average_inference_time": [
            0.002351199722290039,
            0.0019599000453948976,
            0.001977800726890564,
            0.0019822001695632935,
            0.001971733355522156,
            0.001959800601005554,
            0.0020075520515441896,
            0.0020516000509262083,
            0.0020294970273971556,
            0.0020200185298919677,
            0.0020270284175872805,
            0.0024137001276016237,
            0.00232760009765625,
            0.0024929034233093263,
            0.0025113425493240357,
            0.0022350999593734743
        ],
        "compile_time": 0.10099959373474121,
        "build_time": 15.841998100280762,
        "save_time": 3.223001003265381,
        "mutation_info": {
            "parent": "",
            "cell_index": 0,
            "group_index": 0,
            "item_index": 0,
            "mutation_type": 0,
            "mutation_subtype": 0
        },
        "flops": 0
    },
    "parent_model_name": ""
}