{
    "embedding": [
        0,
        0,
        5,
        1,
        8,
        1,
        0,
        1,
        4,
        2,
        3,
        3,
        3,
        3,
        4,
        0,
        2,
        4,
        3,
        0,
        5,
        0,
        7,
        1,
        8,
        1,
        7,
        0,
        4,
        2,
        8,
        3,
        8,
        4,
        0,
        4,
        8,
        1,
        2,
        2
    ],
    "hyperparameters": {
        "CELL_STACKS": [
            5,
            1
        ],
        "CELL_STRIDES": [
            1,
            2
        ],
        "CELL_INDEX_FOR_REDUCTION": 1,
        "GROUPS_PER_CELL": 5,
        "OPS_PER_GROUP": 2,
        "CELL_LAYERS": 3,
        "TARGET_FILTER_DIMS": 32,
        "REDUCTION_EXPANSION_FACTOR": 2,
        "REDUCTION_EXPANSION_BEFORE": false,
        "REDUCE_CURRENT": false,
        "PASS_RESIDUAL": true,
        "CONCATENATE_ALL": false,
        "TRAIN_EPOCHS": 1,
        "TRAIN_ITERATIONS": 16,
        "MAXIMUM_LEARNING_RATE": 0.025,
        "MINIMUM_LEARNING_RATE": 0.001,
        "USE_SGDR": true,
        "BATCH_SIZE": 16,
        "SGDR_EPOCHS_PER_RESTART": 16,
        "SGDR_LR_DECAY": 0.8,
        "SGDR_PERIOD_DECAY": 2,
        "DROP_PATH_CHANCE": 0.6,
        "DROP_PATH_TOTAL_STEPS_MULTI": 1,
        "IDENTITY_THRESHOLD": 0.0,
        "NORMAL_CELL_N": 6
    },
    "model_name": "evo_1595079833.5603178",
    "metrics": {
        "accuracy": [
            0.4900999963283539,
            0.5368000268936157,
            0.666100025177002,
            0.7103000283241272,
            0.7537999749183655,
            0.7547000050544739,
            0.8069000244140625,
            0.8133999705314636,
            0.8267999887466431,
            0.8384000062942505,
            0.8417999744415283,
            0.8496999740600586,
            0.8529999852180481,
            0.8565000295639038,
            0.8557999730110168,
            0.8568000197410583
        ],
        "average_train_time": [
            0.014326216402053832,
            0.013555670647621155,
            0.0135723699092865,
            0.013484529342651368,
            0.013491740818023682,
            0.013463967199325562,
            0.013499190278053283,
            0.013473798518180848,
            0.01348329020023346,
            0.013457774930000305,
            0.013466311473846436,
            0.013438832149505616,
            0.013469246172904969,
            0.013503803696632385,
            0.013478482294082642,
            0.013453411927223206
        ],
        "average_inference_time": [
            0.002314700198173523,
            0.001972501277923584,
            0.0019558043718338014,
            0.001971000027656555,
            0.001958351707458496,
            0.0019631999969482424,
            0.0019784000396728518,
            0.0019591001749038697,
            0.002017200040817261,
            0.001973799967765808,
            0.001958934450149536,
            0.0019494765758514404,
            0.0019814987421035764,
            0.002025899887084961,
            0.001978000020980835,
            0.0019556885719299315
        ],
        "compile_time": 0.09897756576538086,
        "build_time": 14.945701360702515,
        "save_time": 3.1642906665802,
        "mutation_info": {
            "parent": "",
            "cell_index": 0,
            "group_index": 0,
            "item_index": 0,
            "mutation_type": 0,
            "mutation_subtype": 0
        },
        "flops": 0
    },
    "parent_model_name": ""
}