{
    "embedding": [
        5,
        0,
        5,
        1,
        3,
        2,
        3,
        2,
        6,
        2,
        6,
        0,
        2,
        1,
        3,
        0,
        8,
        3,
        0,
        2,
        1,
        0,
        1,
        1,
        4,
        1,
        2,
        0,
        5,
        0,
        1,
        0,
        7,
        0,
        0,
        1,
        8,
        5,
        4,
        0
    ],
    "hyperparameters": {
        "CELL_STACKS": [
            6,
            1
        ],
        "CELL_STRIDES": [
            1,
            2
        ],
        "CELL_INDEX_FOR_REDUCTION": 1,
        "GROUPS_PER_CELL": 5,
        "OPS_PER_GROUP": 2,
        "CELL_LAYERS": 3,
        "TARGET_FILTER_DIMS": 32,
        "REDUCTION_EXPANSION_FACTOR": 2,
        "REDUCTION_EXPANSION_BEFORE": false,
        "REDUCE_CURRENT": false,
        "PASS_RESIDUAL": true,
        "CONCATENATE_ALL": false,
        "TRAIN_EPOCHS": 1,
        "TRAIN_ITERATIONS": 16,
        "MAXIMUM_LEARNING_RATE": 0.025,
        "MINIMUM_LEARNING_RATE": 0.001,
        "USE_SGDR": true,
        "BATCH_SIZE": 16,
        "SGDR_EPOCHS_PER_RESTART": 16,
        "SGDR_LR_DECAY": 0.8,
        "SGDR_PERIOD_DECAY": 2,
        "DROP_PATH_CHANCE": 0.6,
        "DROP_PATH_TOTAL_STEPS_MULTI": 1,
        "IDENTITY_THRESHOLD": 0.0
    },
    "model_name": "evo_1595204433.2952425",
    "metrics": {
        "accuracy": [
            0.396699994802475,
            0.4629000127315521,
            0.5454999804496765,
            0.6247000098228455,
            0.6783999800682068,
            0.6984999775886536,
            0.7184000015258789,
            0.7368999719619751,
            0.7573000192642212,
            0.7840999960899353,
            0.7885000109672546,
            0.7968000173568726,
            0.8116999864578247,
            0.8154000043869019,
            0.8181999921798706,
            0.8181999921798706
        ],
        "average_train_time": [
            0.020700544238090514,
            0.018881630702018738,
            0.025375420503616332,
            0.03573227825641632,
            0.03076074863910675,
            0.029773701100349426,
            0.028972448163032533,
            0.030161409430503845,
            0.02867097985267639,
            0.02897463535308838,
            0.03145215758800506,
            0.032659656252861026,
            0.034541818118095396,
            0.02574288088798523,
            0.013311031017303467,
            0.012540683207511902
        ],
        "average_inference_time": [
            0.0033715118408203125,
            0.002821000051498413,
            0.0032669962882995607,
            0.0034699388265609743,
            0.003267699885368347,
            0.0033180416107177735,
            0.0033845397233963014,
            0.0030270655393600464,
            0.003265707516670227,
            0.00372869713306427,
            0.0033971766948699953,
            0.003303877902030945,
            0.003373948621749878,
            0.003106185007095337,
            0.003587650513648987,
            0.0027856317520141604
        ],
        "compile_time": 0.1419990062713623,
        "build_time": 24.200997352600098,
        "save_time": 3.7759008407592773,
        "mutation_info": {
            "parent": "",
            "cell_index": 0,
            "group_index": 0,
            "item_index": 0,
            "mutation_type": 0,
            "mutation_subtype": 0
        },
        "flops": 0
    },
    "parent_model_name": ""
}