{
    "embedding": [
        7,
        0,
        6,
        1,
        6,
        0,
        8,
        2,
        1,
        0,
        5,
        3,
        7,
        0,
        5,
        4,
        6,
        2,
        4,
        0,
        6,
        0,
        7,
        1,
        0,
        2,
        3,
        2,
        4,
        2,
        0,
        0,
        7,
        0,
        2,
        0,
        6,
        2,
        0,
        5
    ],
    "hyperparameters": {
        "CELL_STACKS": [
            3,
            1
        ],
        "CELL_STRIDES": [
            1,
            2
        ],
        "CELL_INDEX_FOR_REDUCTION": 1,
        "GROUPS_PER_CELL": 5,
        "OPS_PER_GROUP": 2,
        "CELL_LAYERS": 3,
        "TARGET_FILTER_DIMS": 24,
        "REDUCTION_EXPANSION_FACTOR": 2,
        "REDUCTION_EXPANSION_BEFORE": false,
        "REDUCE_CURRENT": false,
        "PASS_RESIDUAL": true,
        "CONCATENATE_ALL": false,
        "TRAIN_EPOCHS": 1,
        "TRAIN_ITERATIONS": 32,
        "MAXIMUM_LEARNING_RATE": 0.025,
        "MINIMUM_LEARNING_RATE": 0.001,
        "USE_SGDR": true,
        "BATCH_SIZE": 16,
        "SGDR_EPOCHS_PER_RESTART": 32,
        "SGDR_LR_DECAY": 0.8,
        "SGDR_PERIOD_DECAY": 2,
        "DROP_PATH_CHANCE": 0.6,
        "DROP_PATH_TOTAL_STEPS_MULTI": 1,
        "IDENTITY_THRESHOLD": 0.0
    },
    "model_name": "evo_1593727539.1703463",
    "metrics": {
        "accuracy": [
            0.4052000045776367,
            0.5992000102996826,
            0.6197999715805054,
            0.5924999713897705,
            0.6880000233650208,
            0.7111999988555908,
            0.7192999720573425,
            0.7576000094413757,
            0.7580000162124634,
            0.7303000092506409,
            0.7239000201225281,
            0.777400016784668,
            0.7980999946594238,
            0.7753000259399414,
            0.7947999835014343,
            0.7950999736785889,
            0.7684999704360962,
            0.7870000004768372,
            0.8062999844551086,
            0.8172000050544739,
            0.8011000156402588,
            0.8166000247001648,
            0.8278999924659729,
            0.8264999985694885,
            0.8349999785423279,
            0.8338000178337097,
            0.8379999995231628,
            0.8348000049591064,
            0.8356000185012817,
            0.8389999866485596,
            0.84170001745224,
            0.8393999934196472
        ],
        "average_train_time": [
            0.010460578842163086,
            0.009582917408943176,
            0.010037309999465942,
            0.004845687484741211,
            0.004402301483154297,
            0.004881021203994751,
            0.0044805239963531494,
            0.003644973273277283,
            0.0034962091064453123,
            0.003502309856414795,
            0.003293394832611084,
            0.0032807803773880007,
            0.0032512970924377443,
            0.003246965308189392,
            0.003284344482421875,
            0.0032382966899871827,
            0.003242327871322632,
            0.003230110306739807,
            0.0032203920841217043,
            0.0032233600234985353,
            0.0032410799741744993,
            0.0032304508781433104,
            0.003230524501800537,
            0.0032253561210632323,
            0.0032173056173324583,
            0.003249400510787964,
            0.0032296199798583984,
            0.0032417799758911133,
            0.003236630501747131,
            0.0032288533687591554,
            0.003237683782577515,
            0.003213666424751282
        ],
        "average_inference_time": [
            0.0011827000141143799,
            0.0010518001079559327,
            0.0010217604637145995,
            0.001721306300163269,
            0.0013643006563186645,
            0.0012233851432800293,
            0.0011599002361297607,
            0.001264099955558777,
            0.0010387511014938356,
            0.0010255000829696656,
            0.0010050504207611084,
            0.0009594000339508057,
            0.0009645999908447266,
            0.0009436002016067505,
            0.0009419002771377564,
            0.0009638004064559937,
            0.000948100233078003,
            0.0009410001039505004,
            0.0009484994649887085,
            0.0009415996789932251,
            0.0009376001119613648,
            0.0009723999977111817,
            0.0009444022417068481,
            0.0009415045499801635,
            0.0009586001634597778,
            0.0009390995264053345,
            0.0009493999719619751,
            0.0009667999267578125,
            0.0009729000329971314,
            0.000946400260925293,
            0.0009713002920150757,
            0.0009364006042480469
        ],
        "compile_time": 0.06999993324279785,
        "build_time": 8.678998708724976,
        "save_time": 1.5249996185302734,
        "mutation_info": {
            "parent": "",
            "cell_index": 0,
            "group_index": 0,
            "item_index": 0,
            "mutation_type": 0,
            "mutation_subtype": 0
        },
        "flops": 0
    },
    "parent_model_name": ""
}