{
    "embedding": [
        2,
        0,
        4,
        1,
        2,
        2,
        3,
        2,
        0,
        0,
        6,
        3,
        2,
        3,
        3,
        3,
        3,
        3,
        1,
        1,
        4,
        0,
        0,
        1,
        4,
        2,
        2,
        0,
        5,
        2,
        0,
        3,
        4,
        2,
        6,
        2,
        3,
        1,
        8,
        0
    ],
    "hyperparameters": {
        "CELL_STACKS": [
            5,
            1
        ],
        "CELL_STRIDES": [
            1,
            2
        ],
        "CELL_INDEX_FOR_REDUCTION": 1,
        "GROUPS_PER_CELL": 5,
        "OPS_PER_GROUP": 2,
        "CELL_LAYERS": 3,
        "TARGET_FILTER_DIMS": 24,
        "REDUCTION_EXPANSION_FACTOR": 2,
        "REDUCTION_EXPANSION_BEFORE": false,
        "REDUCE_CURRENT": false,
        "PASS_RESIDUAL": true,
        "CONCATENATE_ALL": false,
        "TRAIN_EPOCHS": 1,
        "TRAIN_ITERATIONS": 16,
        "MAXIMUM_LEARNING_RATE": 0.025,
        "MINIMUM_LEARNING_RATE": 0.001,
        "USE_SGDR": true,
        "BATCH_SIZE": 16,
        "SGDR_EPOCHS_PER_RESTART": 16,
        "SGDR_LR_DECAY": 0.8,
        "SGDR_PERIOD_DECAY": 2,
        "DROP_PATH_CHANCE": 0.6,
        "DROP_PATH_TOTAL_STEPS_MULTI": 1,
        "IDENTITY_THRESHOLD": 0.0
    },
    "model_name": "evo_1594607022.9967058",
    "metrics": {
        "accuracy": [
            0.40369999408721924,
            0.49939998984336853,
            0.5547999739646912,
            0.6306999921798706,
            0.6793000102043152,
            0.7053999900817871,
            0.7272999882698059,
            0.7494000196456909,
            0.77920001745224,
            0.7840999960899353,
            0.7922000288963318,
            0.8052999973297119,
            0.8059999942779541,
            0.8087000250816345,
            0.8141000270843506,
            0.8126000165939331
        ],
        "average_train_time": [
            0.021858966755867005,
            0.021365332193374633,
            0.02211260268211365,
            0.02301915361881256,
            0.021011218771934508,
            0.02136158534526825,
            0.007316249284744262,
            0.006964657244682312,
            0.0069615176057815555,
            0.007073795280456543,
            0.007102099952697754,
            0.007082452764511108,
            0.007040174341201782,
            0.006977518377304077,
            0.006957215104103088,
            0.006668920021057129
        ],
        "average_inference_time": [
            0.0030510720252990725,
            0.002023351502418518,
            0.0019368043422698974,
            0.0019917038440704347,
            0.001992051720619202,
            0.004609617352485657,
            0.002101652932167053,
            0.0016369999408721923,
            0.001752436900138855,
            0.0016234972238540648,
            0.0017020424842834473,
            0.0016802969455718994,
            0.0016780574321746827,
            0.0016584138631820678,
            0.0015831001043319702,
            0.0015739000558853149
        ],
        "compile_time": 0.14999985694885254,
        "build_time": 27.763999462127686,
        "save_time": 2.936333179473877,
        "mutation_info": {
            "parent": "",
            "cell_index": 0,
            "group_index": 0,
            "item_index": 0,
            "mutation_type": 0,
            "mutation_subtype": 0
        },
        "flops": 0
    },
    "parent_model_name": ""
}