{
    "embedding": [
        6,
        0,
        6,
        1,
        4,
        2,
        5,
        0,
        2,
        3,
        0,
        1,
        6,
        0,
        7,
        4,
        0,
        1,
        4,
        3,
        8,
        0,
        7,
        1,
        2,
        1,
        8,
        2,
        5,
        3,
        7,
        3,
        5,
        1,
        0,
        4,
        8,
        2,
        4,
        0
    ],
    "hyperparameters": {
        "CELL_STACKS": [
            3,
            1
        ],
        "CELL_STRIDES": [
            1,
            2
        ],
        "CELL_INDEX_FOR_REDUCTION": 1,
        "GROUPS_PER_CELL": 5,
        "OPS_PER_GROUP": 2,
        "CELL_LAYERS": 3,
        "TARGET_FILTER_DIMS": 24,
        "REDUCTION_EXPANSION_FACTOR": 2,
        "REDUCTION_EXPANSION_BEFORE": false,
        "REDUCE_CURRENT": false,
        "PASS_RESIDUAL": true,
        "CONCATENATE_ALL": false,
        "TRAIN_EPOCHS": 1,
        "TRAIN_ITERATIONS": 16,
        "MAXIMUM_LEARNING_RATE": 0.025,
        "MINIMUM_LEARNING_RATE": 0.001,
        "USE_SGDR": true,
        "BATCH_SIZE": 16,
        "SGDR_EPOCHS_PER_RESTART": 16,
        "SGDR_LR_DECAY": 0.8,
        "SGDR_PERIOD_DECAY": 2,
        "DROP_PATH_CHANCE": 0.6,
        "DROP_PATH_TOTAL_STEPS_MULTI": 1,
        "IDENTITY_THRESHOLD": 0.0
    },
    "model_name": "evo_1596079822.6335442",
    "metrics": {
        "accuracy": [
            0.4772999882698059,
            0.6128000020980835,
            0.6442000269889832,
            0.6628000140190125,
            0.723800003528595,
            0.7224000096321106,
            0.763700008392334,
            0.7570000290870667,
            0.7829999923706055,
            0.8021000027656555,
            0.8009999990463257,
            0.8068000078201294,
            0.8130000233650208,
            0.817300021648407,
            0.8191999793052673,
            0.8181999921798706
        ],
        "average_train_time": [
            0.012302041711807252,
            0.012470068879127503,
            0.02608353952884674,
            0.0030949539613723755,
            0.0028959599590301513,
            0.0029011046743392943,
            0.0028938799858093263,
            0.0028784854030609133,
            0.002888965039253235,
            0.002885199918746948,
            0.0028724400615692137,
            0.0028742904090881347,
            0.002896260004043579,
            0.002895980000495911,
            0.0028953599977493286,
            0.002907716269493103
        ],
        "average_inference_time": [
            0.0013634516954421996,
            0.001043215823173523,
            0.00189595148563385,
            0.0010852999925613403,
            0.0008659004211425781,
            0.0008635001659393311,
            0.0008621002197265625,
            0.0008623998880386353,
            0.0008613909482955933,
            0.0008625000953674316,
            0.0008577997207641602,
            0.0008641001462936401,
            0.0008619002103805542,
            0.0008623000383377076,
            0.0008624002933502197,
            0.0008602988481521606
        ],
        "compile_time": 0.09300398826599121,
        "build_time": 13.791998863220215,
        "save_time": 0.9849960803985596,
        "mutation_info": {
            "parent": "",
            "cell_index": 0,
            "group_index": 0,
            "item_index": 0,
            "mutation_type": 0,
            "mutation_subtype": 0
        },
        "flops": 0
    },
    "parent_model_name": ""
}