{
    "embedding": [
        1,
        0,
        5,
        1,
        8,
        1,
        5,
        0,
        6,
        2,
        2,
        2,
        1,
        1,
        8,
        1,
        2,
        4,
        2,
        2,
        0,
        0,
        3,
        1,
        3,
        0,
        1,
        2,
        6,
        0,
        4,
        0,
        8,
        2,
        1,
        4,
        0,
        3,
        6,
        1
    ],
    "hyperparameters": {
        "CELL_STACKS": [
            3,
            1
        ],
        "CELL_STRIDES": [
            1,
            2
        ],
        "CELL_INDEX_FOR_REDUCTION": 1,
        "GROUPS_PER_CELL": 5,
        "OPS_PER_GROUP": 2,
        "CELL_LAYERS": 3,
        "TARGET_FILTER_DIMS": 24,
        "REDUCTION_EXPANSION_FACTOR": 2,
        "REDUCTION_EXPANSION_BEFORE": false,
        "REDUCE_CURRENT": false,
        "PASS_RESIDUAL": true,
        "CONCATENATE_ALL": false,
        "TRAIN_EPOCHS": 1,
        "TRAIN_ITERATIONS": 32,
        "MAXIMUM_LEARNING_RATE": 0.025,
        "MINIMUM_LEARNING_RATE": 0.001,
        "USE_SGDR": true,
        "BATCH_SIZE": 16,
        "SGDR_EPOCHS_PER_RESTART": 32,
        "SGDR_LR_DECAY": 0.8,
        "SGDR_PERIOD_DECAY": 2,
        "DROP_PATH_CHANCE": 0.6,
        "DROP_PATH_TOTAL_STEPS_MULTI": 1,
        "IDENTITY_THRESHOLD": 0.0
    },
    "model_name": "evo_1593735166.8535821",
    "metrics": {
        "accuracy": [
            0.534500002861023,
            0.6826000213623047,
            0.737500011920929,
            0.7590000033378601,
            0.7949000000953674,
            0.814300000667572,
            0.8282999992370605,
            0.8406999707221985,
            0.8402000069618225,
            0.8500999808311462,
            0.8501999974250793,
            0.8482000231742859,
            0.8561999797821045,
            0.850600004196167,
            0.8496000170707703,
            0.859499990940094,
            0.8567000031471252,
            0.8650000095367432,
            0.8655999898910522,
            0.8691999912261963,
            0.868399977684021,
            0.8765000104904175,
            0.8755000233650208,
            0.8791000247001648,
            0.8780999779701233,
            0.8783000111579895,
            0.8788999915122986,
            0.8805000185966492,
            0.8787999749183655,
            0.8808000087738037,
            0.8805999755859375,
            0.881600022315979
        ],
        "average_train_time": [
            0.011508528289794921,
            0.01093123601436615,
            0.010957606039047241,
            0.010858017354011536,
            0.011118685731887817,
            0.00471276487827301,
            0.0045285599613189694,
            0.004527040033340454,
            0.0045482813501358035,
            0.004529000043869019,
            0.00452773983001709,
            0.00454648693561554,
            0.004538988733291626,
            0.004543560047149659,
            0.004543030834197998,
            0.004545947546958923,
            0.0045366097021102905,
            0.0045383239221572875,
            0.004565033016204834,
            0.0045739878416061405,
            0.004546684637069702,
            0.004539840030670166,
            0.004543889484405517,
            0.004550484108924866,
            0.004539359979629517,
            0.004553090634346008,
            0.004575003709793091,
            0.004565928416252136,
            0.004547840147018432,
            0.004546568961143494,
            0.004574255380630493,
            0.004572226514816284
        ],
        "average_inference_time": [
            0.0017044001579284668,
            0.0011938999891281128,
            0.0011744000196456908,
            0.001183599877357483,
            0.0011856008768081664,
            0.00144640052318573,
            0.0011847001314163209,
            0.0011714003801345826,
            0.001172800636291504,
            0.0011768000602722169,
            0.0011925997734069825,
            0.0011729004383087159,
            0.001178400444984436,
            0.0011744001626968383,
            0.0011997447967529297,
            0.0011733884811401367,
            0.0011724018812179565,
            0.0011775497674942016,
            0.0012018570899963378,
            0.0011693310022354126,
            0.0011710033416748047,
            0.0011768047094345092,
            0.0012017613172531129,
            0.0011809998750686645,
            0.0011727003812789917,
            0.0011767484664916992,
            0.0012000972986221314,
            0.0011763001203536987,
            0.0011789992809295654,
            0.0011793449878692627,
            0.0012020991802215576,
            0.001180276370048523
        ],
        "compile_time": 0.07899904251098633,
        "build_time": 10.858539581298828,
        "save_time": 1.7551560401916504,
        "mutation_info": {
            "parent": "",
            "cell_index": 0,
            "group_index": 0,
            "item_index": 0,
            "mutation_type": 0,
            "mutation_subtype": 0
        },
        "flops": 0
    },
    "parent_model_name": ""
}