{
    "embedding": [
        2,
        0,
        8,
        1,
        6,
        1,
        2,
        2,
        7,
        3,
        5,
        1,
        6,
        4,
        4,
        3,
        3,
        5,
        5,
        3,
        0,
        0,
        2,
        1,
        5,
        1,
        3,
        0,
        5,
        0,
        5,
        1,
        5,
        2,
        3,
        3,
        3,
        5,
        8,
        2
    ],
    "hyperparameters": {
        "CELL_STACKS": [
            3,
            1
        ],
        "CELL_STRIDES": [
            1,
            2
        ],
        "CELL_INDEX_FOR_REDUCTION": 1,
        "GROUPS_PER_CELL": 5,
        "OPS_PER_GROUP": 2,
        "CELL_LAYERS": 3,
        "TARGET_FILTER_DIMS": 24,
        "REDUCTION_EXPANSION_FACTOR": 2,
        "REDUCTION_EXPANSION_BEFORE": false,
        "REDUCE_CURRENT": false,
        "PASS_RESIDUAL": true,
        "CONCATENATE_ALL": false,
        "TRAIN_EPOCHS": 1,
        "TRAIN_ITERATIONS": 32,
        "MAXIMUM_LEARNING_RATE": 0.025,
        "MINIMUM_LEARNING_RATE": 0.001,
        "USE_SGDR": true,
        "BATCH_SIZE": 16,
        "SGDR_EPOCHS_PER_RESTART": 32,
        "SGDR_LR_DECAY": 0.8,
        "SGDR_PERIOD_DECAY": 2,
        "DROP_PATH_CHANCE": 0.6,
        "DROP_PATH_TOTAL_STEPS_MULTI": 1,
        "IDENTITY_THRESHOLD": 0.0
    },
    "model_name": "evo_1593709769.9420695",
    "metrics": {
        "accuracy": [
            0.43309998512268066,
            0.5703999996185303,
            0.6355000138282776,
            0.5947999954223633,
            0.6784999966621399,
            0.7153000235557556,
            0.7322999835014343,
            0.7519999742507935,
            0.758899986743927,
            0.7627999782562256,
            0.7994999885559082,
            0.8021000027656555,
            0.7942000031471252,
            0.8170999884605408,
            0.8177000284194946,
            0.8105000257492065,
            0.8156999945640564,
            0.8228999972343445,
            0.8205000162124634,
            0.8310999870300293,
            0.8274000287055969,
            0.8230000138282776,
            0.8357999920845032,
            0.8396999835968018,
            0.8439000248908997,
            0.8402000069618225,
            0.8411999940872192,
            0.8436999917030334,
            0.8427000045776367,
            0.8413000106811523,
            0.8424999713897705,
            0.8449000120162964
        ],
        "average_train_time": [
            0.011682565460205078,
            0.011537242350578307,
            0.011226585402488708,
            0.012157676749229431,
            0.011372914958000182,
            0.011171356925964356,
            0.010989001913070678,
            0.011392164525985718,
            0.010664370346069336,
            0.010628462290763856,
            0.012186606554985047,
            0.011942697405815125,
            0.011148143029212952,
            0.011188998804092408,
            0.010792881336212158,
            0.010916815748214721,
            0.011051526536941528,
            0.011020652298927307,
            0.011447056894302369,
            0.011367691144943237,
            0.012238172011375427,
            0.01073521433353424,
            0.009757924065589904,
            0.009768039956092834,
            0.009684259996414184,
            0.010171219968795777,
            0.009918380026817322,
            0.009671300024986267,
            0.009574850697517396,
            0.010338846006393433,
            0.010484551038742065,
            0.010597792387008666
        ],
        "average_inference_time": [
            0.001075675106048584,
            0.0008944981813430787,
            0.0008257000923156738,
            0.0009260301589965821,
            0.0008973545789718628,
            0.0008639534711837769,
            0.0009317190408706665,
            0.000862807035446167,
            0.0008191000938415527,
            0.0009057419776916504,
            0.0009015810012817383,
            0.0008848000764846802,
            0.000885829210281372,
            0.0008528949499130248,
            0.0008507596015930176,
            0.0009848720550537109,
            0.0009254557609558106,
            0.0008610649585723877,
            0.0009156330823898315,
            0.0008480999946594238,
            0.0008774220705032349,
            0.0009006000757217407,
            0.0008318000555038452,
            0.0008227001428604126,
            0.0008315998792648315,
            0.0009640001773834229,
            0.001517300009727478,
            0.0008130998134613037,
            0.0008146082878112793,
            0.0008429170846939087,
            0.000824500036239624,
            0.0008898000240325928
        ],
        "compile_time": 0.07100129127502441,
        "build_time": 11.701019763946533,
        "save_time": 0.6720027923583984,
        "mutation_info": {
            "parent": "",
            "cell_index": 0,
            "group_index": 0,
            "item_index": 0,
            "mutation_type": 0,
            "mutation_subtype": 0
        },
        "flops": 0
    },
    "parent_model_name": ""
}