{
    "embedding": [
        3,
        0,
        3,
        1,
        3,
        0,
        8,
        0,
        7,
        0,
        4,
        3,
        5,
        1,
        0,
        1,
        0,
        0,
        2,
        2,
        1,
        0,
        2,
        1,
        1,
        0,
        5,
        0,
        3,
        3,
        1,
        3,
        8,
        3,
        0,
        2,
        2,
        4,
        5,
        1
    ],
    "hyperparameters": {
        "CELL_STACKS": [
            5,
            1
        ],
        "CELL_STRIDES": [
            1,
            2
        ],
        "CELL_INDEX_FOR_REDUCTION": 1,
        "GROUPS_PER_CELL": 5,
        "OPS_PER_GROUP": 2,
        "CELL_LAYERS": 3,
        "TARGET_FILTER_DIMS": 32,
        "REDUCTION_EXPANSION_FACTOR": 2,
        "REDUCTION_EXPANSION_BEFORE": false,
        "REDUCE_CURRENT": false,
        "PASS_RESIDUAL": true,
        "CONCATENATE_ALL": false,
        "TRAIN_EPOCHS": 1,
        "TRAIN_ITERATIONS": 16,
        "MAXIMUM_LEARNING_RATE": 0.025,
        "MINIMUM_LEARNING_RATE": 0.001,
        "USE_SGDR": true,
        "BATCH_SIZE": 16,
        "SGDR_EPOCHS_PER_RESTART": 16,
        "SGDR_LR_DECAY": 0.8,
        "SGDR_PERIOD_DECAY": 2,
        "DROP_PATH_CHANCE": 0.6,
        "DROP_PATH_TOTAL_STEPS_MULTI": 1,
        "IDENTITY_THRESHOLD": 0.0
    },
    "model_name": "evo_1595019736.531833",
    "metrics": {
        "accuracy": [
            0.5317000150680542,
            0.6288999915122986,
            0.6759999990463257,
            0.7416999936103821,
            0.7585999965667725,
            0.7897999882698059,
            0.8145999908447266,
            0.8187000155448914,
            0.8174999952316284,
            0.8424999713897705,
            0.8429999947547913,
            0.8501999974250793,
            0.8539000153541565,
            0.8565000295639038,
            0.8575000166893005,
            0.8565000295639038
        ],
        "average_train_time": [
            0.019087771787643433,
            0.01773658024311066,
            0.017612335181236265,
            0.01768706132411957,
            0.01825728364944458,
            0.018160894207954408,
            0.01782795376300812,
            0.017884858484268188,
            0.017113845725059508,
            0.017351658091545104,
            0.01707812415122986,
            0.012076389207839966,
            0.011895896768569947,
            0.01186681477546692,
            0.012924096264839173,
            0.011966374769210815
        ],
        "average_inference_time": [
            0.0031466117143630983,
            0.0027321001291275024,
            0.0027397028207778932,
            0.002791634774208069,
            0.002846877837181091,
            0.0028473447799682618,
            0.0027858757972717284,
            0.0026977002143859863,
            0.0027062002658843993,
            0.0026547062873840334,
            0.0026912575721740723,
            0.0032937031984329223,
            0.002894008731842041,
            0.0028985022306442262,
            0.0028858537673950193,
            0.002879508948326111
        ],
        "compile_time": 0.1080007553100586,
        "build_time": 19.468018531799316,
        "save_time": 3.445000171661377,
        "mutation_info": {
            "parent": "",
            "cell_index": 0,
            "group_index": 0,
            "item_index": 0,
            "mutation_type": 0,
            "mutation_subtype": 0
        },
        "flops": 0
    },
    "parent_model_name": ""
}