{
    "embedding": [
        7,
        0,
        2,
        1,
        5,
        1,
        7,
        2,
        6,
        3,
        8,
        3,
        0,
        4,
        2,
        2,
        1,
        0,
        5,
        2,
        3,
        0,
        8,
        1,
        2,
        2,
        5,
        1,
        4,
        3,
        2,
        1,
        2,
        2,
        4,
        2,
        4,
        1,
        6,
        2
    ],
    "hyperparameters": {
        "CELL_STACKS": [
            6,
            1
        ],
        "CELL_STRIDES": [
            1,
            2
        ],
        "CELL_INDEX_FOR_REDUCTION": 1,
        "GROUPS_PER_CELL": 5,
        "OPS_PER_GROUP": 2,
        "CELL_LAYERS": 3,
        "TARGET_FILTER_DIMS": 32,
        "REDUCTION_EXPANSION_FACTOR": 2,
        "REDUCTION_EXPANSION_BEFORE": false,
        "REDUCE_CURRENT": false,
        "PASS_RESIDUAL": true,
        "CONCATENATE_ALL": false,
        "TRAIN_EPOCHS": 1,
        "TRAIN_ITERATIONS": 16,
        "MAXIMUM_LEARNING_RATE": 0.025,
        "MINIMUM_LEARNING_RATE": 0.001,
        "USE_SGDR": true,
        "BATCH_SIZE": 16,
        "SGDR_EPOCHS_PER_RESTART": 16,
        "SGDR_LR_DECAY": 0.8,
        "SGDR_PERIOD_DECAY": 2,
        "DROP_PATH_CHANCE": 0.6,
        "DROP_PATH_TOTAL_STEPS_MULTI": 1,
        "IDENTITY_THRESHOLD": 0.0
    },
    "model_name": "evo_1595397613.2606697",
    "metrics": {
        "accuracy": [
            0.3894999921321869,
            0.45249998569488525,
            0.5029000043869019,
            0.5784000158309937,
            0.597100019454956,
            0.6506999731063843,
            0.6686000227928162,
            0.6780999898910522,
            0.6988999843597412,
            0.7109000086784363,
            0.7364000082015991,
            0.7430999875068665,
            0.7462000250816345,
            0.7615000009536743,
            0.7605000138282776,
            0.7633000016212463
        ],
        "average_train_time": [
            0.0165520641040802,
            0.016801499190330506,
            0.016435693888664244,
            0.016109452543258667,
            0.01581921998977661,
            0.016815138835906983,
            0.013974242014884949,
            0.013394615497589111,
            0.01343222134590149,
            0.013424501700401307,
            0.013498299984931945,
            0.013432569417953491,
            0.013487064418792724,
            0.013645205335617066,
            0.013495161790847778,
            0.01346685109615326
        ],
        "average_inference_time": [
            0.002689166307449341,
            0.0022579827070236206,
            0.002236725831031799,
            0.0022030598640441893,
            0.0022925362586975096,
            0.0022321669101715087,
            0.002088199996948242,
            0.002083023190498352,
            0.002091289448738098,
            0.002090160346031189,
            0.0020884000062942505,
            0.002081564521789551,
            0.002103397560119629,
            0.0020919248580932616,
            0.0020863000631332397,
            0.0020870998859405516
        ],
        "compile_time": 0.12600135803222656,
        "build_time": 21.965250968933105,
        "save_time": 2.4165117740631104,
        "mutation_info": {
            "parent": "",
            "cell_index": 0,
            "group_index": 0,
            "item_index": 0,
            "mutation_type": 0,
            "mutation_subtype": 0
        },
        "flops": 0
    },
    "parent_model_name": ""
}