{
    "embedding": [
        2,
        0,
        3,
        1,
        5,
        1,
        7,
        2,
        1,
        1,
        8,
        3,
        8,
        3,
        6,
        1,
        4,
        1,
        0,
        1,
        1,
        0,
        3,
        1,
        2,
        1,
        5,
        1,
        4,
        3,
        1,
        0,
        5,
        3,
        1,
        1,
        3,
        0,
        8,
        2
    ],
    "hyperparameters": {
        "CELL_STACKS": [
            6,
            1
        ],
        "CELL_STRIDES": [
            1,
            2
        ],
        "CELL_INDEX_FOR_REDUCTION": 1,
        "GROUPS_PER_CELL": 5,
        "OPS_PER_GROUP": 2,
        "CELL_LAYERS": 3,
        "TARGET_FILTER_DIMS": 32,
        "REDUCTION_EXPANSION_FACTOR": 2,
        "REDUCTION_EXPANSION_BEFORE": false,
        "REDUCE_CURRENT": false,
        "PASS_RESIDUAL": true,
        "CONCATENATE_ALL": false,
        "TRAIN_EPOCHS": 1,
        "TRAIN_ITERATIONS": 32,
        "MAXIMUM_LEARNING_RATE": 0.025,
        "MINIMUM_LEARNING_RATE": 0.001,
        "USE_SGDR": true,
        "BATCH_SIZE": 16,
        "SGDR_EPOCHS_PER_RESTART": 32,
        "SGDR_LR_DECAY": 0.8,
        "SGDR_PERIOD_DECAY": 2,
        "DROP_PATH_CHANCE": 0.6,
        "DROP_PATH_TOTAL_STEPS_MULTI": 1,
        "IDENTITY_THRESHOLD": 0.0
    },
    "model_name": "evo_1594185066.7081385",
    "metrics": {
        "accuracy": [
            0.519599974155426,
            0.6158000230789185,
            0.6693999767303467,
            0.7120000123977661,
            0.7526999711990356,
            0.7896999716758728,
            0.7789999842643738,
            0.8141999840736389,
            0.8199999928474426,
            0.8133000135421753,
            0.8255000114440918,
            0.8235999941825867,
            0.8432000279426575,
            0.843999981880188,
            0.8493000268936157,
            0.8507999777793884,
            0.8565999865531921,
            0.8583999872207642,
            0.8629000186920166,
            0.8675000071525574,
            0.8672999739646912,
            0.871999979019165,
            0.8730000257492065,
            0.8770999908447266,
            0.8761000037193298,
            0.8755000233650208,
            0.8774999976158142,
            0.8790000081062317,
            0.8779000043869019,
            0.8774999976158142,
            0.8790000081062317,
            0.8787999749183655
        ],
        "average_train_time": [
            0.01988776001930237,
            0.018666740026473998,
            0.018663299956321718,
            0.018652340049743654,
            0.011463025326728821,
            0.011190501461029052,
            0.011171934762001038,
            0.011119783053398133,
            0.011127045464515687,
            0.011051010127067567,
            0.011120754852294922,
            0.011115359511375426,
            0.01106278039932251,
            0.011142840423583985,
            0.011099587950706482,
            0.0110702321434021,
            0.011143537101745605,
            0.011089064164161682,
            0.011093466634750367,
            0.011164987077713013,
            0.011121054167747498,
            0.011105755472183227,
            0.011168498268127441,
            0.011104621891975404,
            0.011096880016326905,
            0.011174885993003845,
            0.011083389105796815,
            0.011092804865837098,
            0.011169613480567933,
            0.011084448175430297,
            0.011090608429908753,
            0.011158077735900879
        ],
        "average_inference_time": [
            0.003377999973297119,
            0.002901599907875061,
            0.0028892001152038575,
            0.0028906998872756957,
            0.0032422513246536254,
            0.002842023491859436,
            0.0028483108520507812,
            0.002867003870010376,
            0.0028407996892929077,
            0.0028584893465042113,
            0.0028683999300003053,
            0.0028494003772735594,
            0.0028688586711883546,
            0.002871000075340271,
            0.002836999821662903,
            0.0028631035566329954,
            0.002861799955368042,
            0.002839541506767273,
            0.0028630001783370974,
            0.002862300205230713,
            0.002847299885749817,
            0.00285814471244812,
            0.0028638999462127683,
            0.0028454332828521728,
            0.002858600378036499,
            0.0028695379734039305,
            0.0028558992385864256,
            0.0028609005451202393,
            0.002879700183868408,
            0.0028537694931030275,
            0.0028829999446868897,
            0.0028701016664505006
        ],
        "compile_time": 0.1269996166229248,
        "build_time": 20.769001007080078,
        "save_time": 2.5739805698394775,
        "mutation_info": {
            "parent": "",
            "cell_index": 0,
            "group_index": 0,
            "item_index": 0,
            "mutation_type": 0,
            "mutation_subtype": 0
        },
        "flops": 0
    },
    "parent_model_name": ""
}