{
    "embedding": [
        2,
        0,
        8,
        1,
        6,
        1,
        2,
        2,
        7,
        3,
        5,
        1,
        6,
        4,
        4,
        3,
        3,
        5,
        5,
        3,
        0,
        0,
        2,
        1,
        5,
        1,
        3,
        0,
        5,
        0,
        5,
        1,
        5,
        2,
        3,
        3,
        3,
        5,
        8,
        2
    ],
    "hyperparameters": {
        "CELL_STACKS": [
            3,
            1
        ],
        "CELL_STRIDES": [
            1,
            2
        ],
        "CELL_INDEX_FOR_REDUCTION": 1,
        "GROUPS_PER_CELL": 5,
        "OPS_PER_GROUP": 2,
        "CELL_LAYERS": 3,
        "TARGET_FILTER_DIMS": 24,
        "REDUCTION_EXPANSION_FACTOR": 2,
        "REDUCTION_EXPANSION_BEFORE": false,
        "REDUCE_CURRENT": false,
        "PASS_RESIDUAL": true,
        "CONCATENATE_ALL": false,
        "TRAIN_EPOCHS": 1,
        "TRAIN_ITERATIONS": 16,
        "MAXIMUM_LEARNING_RATE": 0.025,
        "MINIMUM_LEARNING_RATE": 0.001,
        "USE_SGDR": true,
        "BATCH_SIZE": 16,
        "SGDR_EPOCHS_PER_RESTART": 16,
        "SGDR_LR_DECAY": 0.8,
        "SGDR_PERIOD_DECAY": 2,
        "DROP_PATH_CHANCE": 0.6,
        "DROP_PATH_TOTAL_STEPS_MULTI": 1,
        "IDENTITY_THRESHOLD": 0.0
    },
    "model_name": "evo_1595464754.4368784",
    "metrics": {
        "accuracy": [
            0.4074000120162964,
            0.5566999912261963,
            0.6456000208854675,
            0.6565999984741211,
            0.6884999871253967,
            0.7430999875068665,
            0.7529000043869019,
            0.7651000022888184,
            0.7681999802589417,
            0.7886999845504761,
            0.7993000149726868,
            0.8090000152587891,
            0.8180000185966492,
            0.8202999830245972,
            0.8233000040054321,
            0.8241000175476074
        ],
        "average_train_time": [
            0.00808581030845642,
            0.0074460600709915165,
            0.0075290273714065555,
            0.007503382701873779,
            0.008055663404464721,
            0.003510395131111145,
            0.0033982334184646606,
            0.003549531683921814,
            0.0037266921424865722,
            0.004648902201652527,
            0.003905001516342163,
            0.0034563707065582276,
            0.0033290102577209473,
            0.00330503999710083,
            0.0032139599561691284,
            0.0032973806476593016
        ],
        "average_inference_time": [
            0.001017799735069275,
            0.0008040000677108764,
            0.000827500319480896,
            0.0008140997171401978,
            0.0008716001510620117,
            0.0010847000122070312,
            0.0008720000982284546,
            0.000888199782371521,
            0.0016181135416030883,
            0.0013261000156402588,
            0.0010579000473022462,
            0.0009494001388549804,
            0.0008589000701904296,
            0.0008653000116348266,
            0.0008347001552581787,
            0.0008452999353408813
        ],
        "compile_time": 0.07299947738647461,
        "build_time": 10.577998399734497,
        "save_time": 1.1450040340423584,
        "mutation_info": {
            "parent": "",
            "cell_index": 0,
            "group_index": 0,
            "item_index": 0,
            "mutation_type": 0,
            "mutation_subtype": 0
        },
        "flops": 0
    },
    "parent_model_name": ""
}