{
    "embedding": [
        8,
        0,
        5,
        1,
        2,
        2,
        1,
        0,
        2,
        1,
        3,
        0,
        5,
        0,
        2,
        3,
        5,
        3,
        8,
        0,
        2,
        0,
        6,
        1,
        2,
        0,
        1,
        2,
        7,
        2,
        0,
        0,
        6,
        3,
        8,
        1,
        5,
        1,
        5,
        3
    ],
    "hyperparameters": {
        "CELL_STACKS": [
            5,
            1
        ],
        "CELL_STRIDES": [
            1,
            2
        ],
        "CELL_INDEX_FOR_REDUCTION": 1,
        "GROUPS_PER_CELL": 5,
        "OPS_PER_GROUP": 2,
        "CELL_LAYERS": 3,
        "TARGET_FILTER_DIMS": 32,
        "REDUCTION_EXPANSION_FACTOR": 2,
        "REDUCTION_EXPANSION_BEFORE": false,
        "REDUCE_CURRENT": false,
        "PASS_RESIDUAL": true,
        "CONCATENATE_ALL": false,
        "TRAIN_EPOCHS": 1,
        "TRAIN_ITERATIONS": 16,
        "MAXIMUM_LEARNING_RATE": 0.025,
        "MINIMUM_LEARNING_RATE": 0.001,
        "USE_SGDR": true,
        "BATCH_SIZE": 16,
        "SGDR_EPOCHS_PER_RESTART": 16,
        "SGDR_LR_DECAY": 0.8,
        "SGDR_PERIOD_DECAY": 2,
        "DROP_PATH_CHANCE": 0.6,
        "DROP_PATH_TOTAL_STEPS_MULTI": 1,
        "IDENTITY_THRESHOLD": 0.0,
        "NORMAL_CELL_N": 6
    },
    "model_name": "evo_1594888814.7510931",
    "metrics": {
        "accuracy": [
            0.4876999855041504,
            0.5907999873161316,
            0.6922000050544739,
            0.7541000247001648,
            0.7788000106811523,
            0.7929999828338623,
            0.8263000249862671,
            0.8337000012397766,
            0.84170001745224,
            0.8436999917030334,
            0.8526999950408936,
            0.8616999983787537,
            0.8657000064849854,
            0.868399977684021,
            0.8702999949455261,
            0.8712000250816345
        ],
        "average_train_time": [
            0.017061306858062744,
            0.01602245310306549,
            0.016089799995422364,
            0.016027260756492613,
            0.016197350368499754,
            0.016070198712348938,
            0.016071054253578188,
            0.016087410554885863,
            0.016095530042648316,
            0.01608838803768158,
            0.016066706194877624,
            0.016229904522895813,
            0.016077355580329893,
            0.016049527955055237,
            0.0161996311044693,
            0.016102804837226866
        ],
        "average_inference_time": [
            0.002798299884796143,
            0.0024223000049591065,
            0.002420100021362305,
            0.002423199725151062,
            0.0024182847261428834,
            0.002420222043991089,
            0.002417157864570618,
            0.0024221000194549563,
            0.0024259002685546875,
            0.002422900390625,
            0.0024229998588562013,
            0.0024685998916625976,
            0.0024239999055862427,
            0.0024219001293182374,
            0.0024226079940795897,
            0.002421699261665344
        ],
        "compile_time": 0.10400080680847168,
        "build_time": 15.896992683410645,
        "save_time": 2.483574867248535,
        "mutation_info": {
            "parent": "",
            "cell_index": 0,
            "group_index": 0,
            "item_index": 0,
            "mutation_type": 0,
            "mutation_subtype": 0
        },
        "flops": 0
    },
    "parent_model_name": ""
}