{
    "embedding": [
        0,
        0,
        5,
        1,
        8,
        1,
        0,
        1,
        4,
        2,
        3,
        3,
        3,
        3,
        4,
        0,
        2,
        4,
        3,
        0,
        5,
        0,
        7,
        1,
        8,
        1,
        7,
        0,
        4,
        2,
        8,
        3,
        8,
        4,
        0,
        4,
        8,
        1,
        2,
        2
    ],
    "hyperparameters": {
        "CELL_STACKS": [
            5,
            1
        ],
        "CELL_STRIDES": [
            1,
            2
        ],
        "CELL_INDEX_FOR_REDUCTION": 1,
        "GROUPS_PER_CELL": 5,
        "OPS_PER_GROUP": 2,
        "CELL_LAYERS": 3,
        "TARGET_FILTER_DIMS": 24,
        "REDUCTION_EXPANSION_FACTOR": 2,
        "REDUCTION_EXPANSION_BEFORE": false,
        "REDUCE_CURRENT": false,
        "PASS_RESIDUAL": true,
        "CONCATENATE_ALL": false,
        "TRAIN_EPOCHS": 1,
        "TRAIN_ITERATIONS": 16,
        "MAXIMUM_LEARNING_RATE": 0.025,
        "MINIMUM_LEARNING_RATE": 0.001,
        "USE_SGDR": true,
        "BATCH_SIZE": 16,
        "SGDR_EPOCHS_PER_RESTART": 16,
        "SGDR_LR_DECAY": 0.8,
        "SGDR_PERIOD_DECAY": 2,
        "DROP_PATH_CHANCE": 0.6,
        "DROP_PATH_TOTAL_STEPS_MULTI": 1,
        "IDENTITY_THRESHOLD": 0.0
    },
    "model_name": "evo_1594729839.7981763",
    "metrics": {
        "accuracy": [
            0.492900013923645,
            0.6150000095367432,
            0.6577000021934509,
            0.7171000242233276,
            0.7638000249862671,
            0.7578999996185303,
            0.8033999800682068,
            0.8019999861717224,
            0.8102999925613403,
            0.8170999884605408,
            0.8163999915122986,
            0.8314999938011169,
            0.8367999792098999,
            0.8385000228881836,
            0.8385000228881836,
            0.8398000001907349
        ],
        "average_train_time": [
            0.013015025782585144,
            0.012178268175125122,
            0.012174652013778686,
            0.012140532140731812,
            0.012162716355323792,
            0.012194500041007996,
            0.0071222831296920775,
            0.0067421673202514645,
            0.006634800009727478,
            0.006594778847694397,
            0.0066041116714477535,
            0.006702675457000732,
            0.006676498165130615,
            0.00665891179561615,
            0.006712422952651977,
            0.006664959945678711
        ],
        "average_inference_time": [
            0.001954502987861633,
            0.0016049000978469849,
            0.0015924522161483764,
            0.0015902995824813842,
            0.0015941998243331908,
            0.0016029003620147706,
            0.0020831820249557495,
            0.0016234000921249389,
            0.0015988998651504517,
            0.0015970225811004638,
            0.0015896459817886352,
            0.0016207826614379882,
            0.0016493008613586426,
            0.0016224326372146606,
            0.001625800108909607,
            0.0015877998113632203
        ],
        "compile_time": 0.09697723388671875,
        "build_time": 15.70902156829834,
        "save_time": 2.3007633686065674,
        "mutation_info": {
            "parent": "",
            "cell_index": 0,
            "group_index": 0,
            "item_index": 0,
            "mutation_type": 0,
            "mutation_subtype": 0
        },
        "flops": 0
    },
    "parent_model_name": ""
}