{
    "embedding": [
        3,
        0,
        8,
        1,
        2,
        2,
        4,
        0,
        6,
        0,
        6,
        1,
        1,
        3,
        3,
        3,
        4,
        4,
        2,
        5,
        0,
        0,
        6,
        1,
        4,
        0,
        8,
        1,
        0,
        0,
        3,
        1,
        1,
        3,
        1,
        1,
        6,
        3,
        8,
        4
    ],
    "hyperparameters": {
        "CELL_STACKS": [
            3,
            1
        ],
        "CELL_STRIDES": [
            1,
            2
        ],
        "CELL_INDEX_FOR_REDUCTION": 1,
        "GROUPS_PER_CELL": 5,
        "OPS_PER_GROUP": 2,
        "CELL_LAYERS": 3,
        "TARGET_FILTER_DIMS": 24,
        "REDUCTION_EXPANSION_FACTOR": 2,
        "REDUCTION_EXPANSION_BEFORE": false,
        "REDUCE_CURRENT": false,
        "PASS_RESIDUAL": true,
        "CONCATENATE_ALL": false,
        "TRAIN_EPOCHS": 1,
        "TRAIN_ITERATIONS": 32,
        "MAXIMUM_LEARNING_RATE": 0.025,
        "MINIMUM_LEARNING_RATE": 0.001,
        "USE_SGDR": true,
        "BATCH_SIZE": 16,
        "SGDR_EPOCHS_PER_RESTART": 32,
        "SGDR_LR_DECAY": 0.8,
        "SGDR_PERIOD_DECAY": 2,
        "DROP_PATH_CHANCE": 0.6,
        "DROP_PATH_TOTAL_STEPS_MULTI": 1,
        "IDENTITY_THRESHOLD": 0.0
    },
    "model_name": "evo_1593887969.323787",
    "metrics": {
        "accuracy": [
            0.329800009727478,
            0.42669999599456787,
            0.5185999870300293,
            0.5730000138282776,
            0.6402000188827515,
            0.6524999737739563,
            0.67330002784729,
            0.697700023651123,
            0.7059000134468079,
            0.7210999727249146,
            0.7408999800682068,
            0.7541000247001648,
            0.7652000188827515,
            0.7757999897003174,
            0.7775999903678894,
            0.7724999785423279,
            0.7770000100135803,
            0.7961999773979187,
            0.7961000204086304,
            0.8041999936103821,
            0.8083999752998352,
            0.8069999814033508,
            0.8111000061035156,
            0.8136000037193298,
            0.8185999989509583,
            0.8166999816894531,
            0.8180000185966492,
            0.8220000267028809,
            0.819599986076355,
            0.8256999850273132,
            0.8198000192642212,
            0.8223999738693237
        ],
        "average_train_time": [
            0.00801628026485443,
            0.007323763194084168,
            0.007453599987030029,
            0.007460590219497681,
            0.007435566115379334,
            0.0037684702587127685,
            0.003496339955329895,
            0.0035247904062271117,
            0.0035082196760177612,
            0.003506960062980652,
            0.003523350191116333,
            0.003505719885826111,
            0.003509999995231628,
            0.0035014902210235596,
            0.003591260647773743,
            0.0035022211170196533,
            0.003497030382156372,
            0.0034962908697128295,
            0.003492834663391113,
            0.003495759792327881,
            0.0035062702178955078,
            0.003489120078086853,
            0.003492100009918213,
            0.0034939265060424806,
            0.0035144799757003786,
            0.0035069798612594604,
            0.003508980083465576,
            0.00349774405002594,
            0.0034983915996551515,
            0.0035312799739837647,
            0.0035003200483322144,
            0.0035015200281143188
        ],
        "average_inference_time": [
            0.0010785006999969482,
            0.0008469001293182373,
            0.0008485000133514405,
            0.0008752088546752929,
            0.0008523998260498047,
            0.0011207005500793457,
            0.0008584999084472656,
            0.0008629024028778076,
            0.0008691999673843384,
            0.0008512999534606933,
            0.0008517002582550049,
            0.0008519000768661499,
            0.0008500006914138794,
            0.0008780004024505616,
            0.0008757000923156739,
            0.0008494999408721924,
            0.0008486997842788697,
            0.0008544999599456787,
            0.0008481997728347778,
            0.0008527002334594726,
            0.0008500004291534423,
            0.0008701997756958008,
            0.0008831000804901123,
            0.0008520002365112304,
            0.0008506005048751831,
            0.0008508003234863281,
            0.0008508998394012451,
            0.0008524999380111694,
            0.0008496999263763428,
            0.0008619001865386962,
            0.0008520002603530884,
            0.0008498000860214233
        ],
        "compile_time": 0.08300042152404785,
        "build_time": 11.072425365447998,
        "save_time": 0.8579998016357422,
        "mutation_info": {
            "parent": "",
            "cell_index": 0,
            "group_index": 0,
            "item_index": 0,
            "mutation_type": 0,
            "mutation_subtype": 0
        },
        "flops": 0
    },
    "parent_model_name": ""
}