{
    "embedding": [
        4,
        0,
        6,
        1,
        3,
        1,
        5,
        1,
        8,
        1,
        3,
        3,
        5,
        3,
        8,
        2,
        0,
        0,
        7,
        0,
        8,
        5,
        7,
        6,
        1,
        3,
        5,
        6,
        1,
        0,
        8,
        1,
        2,
        1,
        6,
        1,
        0,
        1,
        5,
        2,
        8,
        3,
        6,
        3,
        6,
        2,
        0,
        2,
        1,
        4,
        1,
        4,
        5,
        2,
        3,
        2
    ],
    "hyperparameters": {
        "CELL_STACKS": [
            3,
            1
        ],
        "CELL_STRIDES": [
            1,
            2
        ],
        "CELL_INDEX_FOR_REDUCTION": 1,
        "GROUPS_PER_CELL": 7,
        "OPS_PER_GROUP": 2,
        "CELL_LAYERS": 2,
        "TARGET_FILTER_DIMS": 16,
        "REDUCTION_EXPANSION_FACTOR": 2,
        "REDUCTION_EXPANSION_BEFORE": false,
        "REDUCE_CURRENT": false,
        "PASS_RESIDUAL": true,
        "CONCATENATE_ALL": false,
        "TRAIN_EPOCHS": 1,
        "TRAIN_ITERATIONS": 16,
        "MAXIMUM_LEARNING_RATE": 0.025,
        "MINIMUM_LEARNING_RATE": 0.001,
        "USE_SGDR": true,
        "BATCH_SIZE": 16,
        "SGDR_EPOCHS_PER_RESTART": 16,
        "SGDR_LR_DECAY": 0.8,
        "SGDR_PERIOD_DECAY": 2,
        "DROP_PATH_CHANCE": 0.6,
        "DROP_PATH_TOTAL_STEPS_MULTI": 1,
        "IDENTITY_THRESHOLD": 0.0
    },
    "model_name": "evo_1595141088.3871648",
    "metrics": {
        "accuracy": [
            0.5303000211715698,
            0.6140000224113464,
            0.6328999996185303,
            0.7074000239372253,
            0.7167999744415283,
            0.7469000220298767,
            0.7597000002861023,
            0.7630000114440918,
            0.7908999919891357,
            0.7918999791145325,
            0.7993999719619751,
            0.805400013923645,
            0.8122000098228455,
            0.8112999796867371,
            0.8148999810218811,
            0.8166999816894531
        ],
        "average_train_time": [
            0.008249026117324828,
            0.003682260684967041,
            0.0035424999856948853,
            0.0035281883811950684,
            0.003566082663536072,
            0.0035851599979400636,
            0.00359861563205719,
            0.0036020609331130983,
            0.003583566164970398,
            0.0035917308139801025,
            0.0036114400148391725,
            0.0036001800155639647,
            0.003560980010032654,
            0.0035755000162124633,
            0.0035864205598831176,
            0.003578629832267761
        ],
        "average_inference_time": [
            0.001220820450782776,
            0.0012357999563217164,
            0.0009393002271652222,
            0.0009317996740341186,
            0.000938599944114685,
            0.0009408514499664307,
            0.0009369999647140503,
            0.0009384001016616822,
            0.0009384999752044678,
            0.0009557993173599243,
            0.0009354000806808472,
            0.000935400652885437,
            0.0009423000574111938,
            0.0009563000440597534,
            0.0009957218647003174,
            0.0009396003246307373
        ],
        "compile_time": 0.0720217227935791,
        "build_time": 12.799999237060547,
        "save_time": 0.7749984264373779,
        "mutation_info": {
            "parent": "",
            "cell_index": 0,
            "group_index": 0,
            "item_index": 0,
            "mutation_type": 0,
            "mutation_subtype": 0
        },
        "flops": 0
    },
    "parent_model_name": ""
}