{
    "embedding": [
        6,
        0,
        6,
        1,
        4,
        2,
        5,
        0,
        2,
        3,
        0,
        1,
        6,
        0,
        7,
        4,
        0,
        1,
        4,
        3,
        8,
        0,
        7,
        1,
        2,
        1,
        8,
        2,
        5,
        3,
        7,
        3,
        5,
        1,
        0,
        4,
        8,
        2,
        4,
        0
    ],
    "hyperparameters": {
        "CELL_STACKS": [
            5,
            1
        ],
        "CELL_STRIDES": [
            1,
            2
        ],
        "CELL_INDEX_FOR_REDUCTION": 1,
        "GROUPS_PER_CELL": 5,
        "OPS_PER_GROUP": 2,
        "CELL_LAYERS": 3,
        "TARGET_FILTER_DIMS": 24,
        "REDUCTION_EXPANSION_FACTOR": 2,
        "REDUCTION_EXPANSION_BEFORE": false,
        "REDUCE_CURRENT": false,
        "PASS_RESIDUAL": true,
        "CONCATENATE_ALL": false,
        "TRAIN_EPOCHS": 1,
        "TRAIN_ITERATIONS": 16,
        "MAXIMUM_LEARNING_RATE": 0.025,
        "MINIMUM_LEARNING_RATE": 0.001,
        "USE_SGDR": true,
        "BATCH_SIZE": 16,
        "SGDR_EPOCHS_PER_RESTART": 16,
        "SGDR_LR_DECAY": 0.8,
        "SGDR_PERIOD_DECAY": 2,
        "DROP_PATH_CHANCE": 0.6,
        "DROP_PATH_TOTAL_STEPS_MULTI": 1,
        "IDENTITY_THRESHOLD": 0.0,
        "NORMAL_CELL_N": 3
    },
    "model_name": "evo_1594585822.709003",
    "metrics": {
        "accuracy": [
            0.40389999747276306,
            0.4634000062942505,
            0.4986000061035156,
            0.6266000270843506,
            0.6696000099182129,
            0.6933000087738037,
            0.7143999934196472,
            0.7332000136375427,
            0.7408000230789185,
            0.7646999955177307,
            0.7689999938011169,
            0.7727000117301941,
            0.781499981880188,
            0.7914000153541565,
            0.7907000184059143,
            0.7944999933242798
        ],
        "average_train_time": [
            0.011024350280761718,
            0.010243150234222412,
            0.010224913640022279,
            0.010205560026168823,
            0.010228980050086975,
            0.010201860032081605,
            0.010234819936752319,
            0.010198480005264281,
            0.010334300036430358,
            0.010224750876426696,
            0.010236350650787353,
            0.01009353998184204,
            0.010191874718666076,
            0.01025609998703003,
            0.010204159893989564,
            0.01023556005001068
        ],
        "average_inference_time": [
            0.0016080002307891845,
            0.0013011999845504761,
            0.0013025002241134644,
            0.001299000072479248,
            0.0012931000709533692,
            0.0012925000190734863,
            0.001304700231552124,
            0.001302000069618225,
            0.0013033998966217042,
            0.0013048868894577027,
            0.0012885698318481444,
            0.0012948147058486938,
            0.0013017997980117799,
            0.0013049933433532715,
            0.001301200294494629,
            0.0012976998567581176
        ],
        "compile_time": 0.09800028800964355,
        "build_time": 14.495998620986938,
        "save_time": 2.1642370223999023,
        "mutation_info": {
            "parent": "",
            "cell_index": 0,
            "group_index": 0,
            "item_index": 0,
            "mutation_type": 0,
            "mutation_subtype": 0
        },
        "flops": 0
    },
    "parent_model_name": ""
}