{
    "embedding": [
        6,
        0,
        6,
        1,
        4,
        2,
        5,
        0,
        2,
        3,
        0,
        1,
        6,
        0,
        7,
        4,
        0,
        1,
        4,
        3,
        8,
        0,
        7,
        1,
        2,
        1,
        8,
        2,
        5,
        3,
        7,
        3,
        5,
        1,
        0,
        4,
        8,
        2,
        4,
        0
    ],
    "hyperparameters": {
        "CELL_STACKS": [
            3,
            1
        ],
        "CELL_STRIDES": [
            1,
            2
        ],
        "CELL_INDEX_FOR_REDUCTION": 1,
        "GROUPS_PER_CELL": 5,
        "OPS_PER_GROUP": 2,
        "CELL_LAYERS": 3,
        "TARGET_FILTER_DIMS": 24,
        "REDUCTION_EXPANSION_FACTOR": 2,
        "REDUCTION_EXPANSION_BEFORE": false,
        "REDUCE_CURRENT": false,
        "PASS_RESIDUAL": true,
        "CONCATENATE_ALL": false,
        "TRAIN_EPOCHS": 1,
        "TRAIN_ITERATIONS": 32,
        "MAXIMUM_LEARNING_RATE": 0.025,
        "MINIMUM_LEARNING_RATE": 0.001,
        "USE_SGDR": true,
        "BATCH_SIZE": 16,
        "SGDR_EPOCHS_PER_RESTART": 32,
        "SGDR_LR_DECAY": 0.8,
        "SGDR_PERIOD_DECAY": 2,
        "DROP_PATH_CHANCE": 0.6,
        "DROP_PATH_TOTAL_STEPS_MULTI": 1,
        "IDENTITY_THRESHOLD": 0.0
    },
    "model_name": "evo_1593776736.3779845",
    "metrics": {
        "accuracy": [
            0.4912000000476837,
            0.5450000166893005,
            0.6499000191688538,
            0.691100001335144,
            0.7020999789237976,
            0.7382000088691711,
            0.6913999915122986,
            0.7365999817848206,
            0.739799976348877,
            0.7681000232696533,
            0.8012999892234802,
            0.7928000092506409,
            0.8040000200271606,
            0.7950999736785889,
            0.7979000210762024,
            0.8246999979019165,
            0.822700023651123,
            0.8177000284194946,
            0.8267999887466431,
            0.8224999904632568,
            0.8276000022888184,
            0.8371000289916992,
            0.8355000019073486,
            0.840399980545044,
            0.8411999940872192,
            0.843999981880188,
            0.84170001745224,
            0.8439000248908997,
            0.8414000272750854,
            0.8468999862670898,
            0.8447999954223633,
            0.8485000133514404
        ],
        "average_train_time": [
            0.007139240040779113,
            0.006582679977416992,
            0.006625300145149231,
            0.00655952006816864,
            0.006579639911651611,
            0.006610880045890808,
            0.006687659878730774,
            0.006648899955749511,
            0.006661839919090271,
            0.006503939604759216,
            0.006625660066604614,
            0.006655880050659179,
            0.006456353521347046,
            0.006455739903450012,
            0.00650302001953125,
            0.006630280084609985,
            0.006588740086555481,
            0.0065305000162124635,
            0.006657860102653504,
            0.006585559802055359,
            0.006560959610939026,
            0.0066426999616622925,
            0.006594952445030213,
            0.006670799593925476,
            0.006686440029144287,
            0.006518719997406006,
            0.0064836400365829465,
            0.0065312726259231565,
            0.006594940075874329,
            0.006699619979858399,
            0.006506862139701843,
            0.006607220039367675
        ],
        "average_inference_time": [
            0.0010432002305984496,
            0.0008510001182556152,
            0.0008520993232727051,
            0.0008563977718353272,
            0.0008529004573822022,
            0.0008505006074905396,
            0.0008554998159408569,
            0.0008542001962661743,
            0.0008593519449234009,
            0.0008480004072189331,
            0.0008519001007080078,
            0.0008491345167160034,
            0.0008592812538146973,
            0.0008597259044647216,
            0.0008510999917984009,
            0.0008517995119094848,
            0.0008495999574661255,
            0.0008520999908447265,
            0.0008536992073059082,
            0.0008604048490524292,
            0.000851000189781189,
            0.0008525006771087646,
            0.0008584261417388916,
            0.0008540006399154663,
            0.0008539999961853027,
            0.0008539001703262329,
            0.0008544772624969482,
            0.0008554988861083985,
            0.0008533082723617553,
            0.0008523990869522094,
            0.0008518937349319458,
            0.0008511879920959473
        ],
        "compile_time": 0.06599950790405273,
        "build_time": 9.137994766235352,
        "save_time": 0.9410955905914307,
        "mutation_info": {
            "parent": "",
            "cell_index": 0,
            "group_index": 0,
            "item_index": 0,
            "mutation_type": 0,
            "mutation_subtype": 0
        },
        "flops": 0
    },
    "parent_model_name": ""
}