{
    "embedding": [
        2,
        0,
        8,
        1,
        6,
        1,
        2,
        2,
        7,
        3,
        5,
        1,
        6,
        4,
        4,
        3,
        3,
        5,
        5,
        3,
        0,
        0,
        2,
        1,
        5,
        1,
        3,
        0,
        5,
        0,
        5,
        1,
        5,
        2,
        3,
        3,
        3,
        5,
        8,
        2
    ],
    "hyperparameters": {
        "CELL_STACKS": [
            6,
            1
        ],
        "CELL_STRIDES": [
            1,
            2
        ],
        "CELL_INDEX_FOR_REDUCTION": 1,
        "GROUPS_PER_CELL": 5,
        "OPS_PER_GROUP": 2,
        "CELL_LAYERS": 3,
        "TARGET_FILTER_DIMS": 32,
        "REDUCTION_EXPANSION_FACTOR": 2,
        "REDUCTION_EXPANSION_BEFORE": false,
        "REDUCE_CURRENT": false,
        "PASS_RESIDUAL": true,
        "CONCATENATE_ALL": false,
        "TRAIN_EPOCHS": 1,
        "TRAIN_ITERATIONS": 32,
        "MAXIMUM_LEARNING_RATE": 0.025,
        "MINIMUM_LEARNING_RATE": 0.001,
        "USE_SGDR": true,
        "BATCH_SIZE": 16,
        "SGDR_EPOCHS_PER_RESTART": 32,
        "SGDR_LR_DECAY": 0.8,
        "SGDR_PERIOD_DECAY": 2,
        "DROP_PATH_CHANCE": 0.6,
        "DROP_PATH_TOTAL_STEPS_MULTI": 1,
        "IDENTITY_THRESHOLD": 0.0
    },
    "model_name": "evo_1594058386.3639286",
    "metrics": {
        "accuracy": [
            0.4058000147342682,
            0.47360000014305115,
            0.5241000056266785,
            0.5407000184059143,
            0.5550000071525574,
            0.6575999855995178,
            0.5979999899864197,
            0.6696000099182129,
            0.7017999887466431,
            0.6690999865531921,
            0.7300999760627747,
            0.7560999989509583,
            0.7383999824523926,
            0.7509999871253967,
            0.7325000166893005,
            0.7838000059127808,
            0.7949000000953674,
            0.7943999767303467,
            0.8014000058174133,
            0.8037999868392944,
            0.8016999959945679,
            0.8062000274658203,
            0.8152999877929688,
            0.8197000026702881,
            0.8198999762535095,
            0.8224999904632568,
            0.828000009059906,
            0.8252999782562256,
            0.8289999961853027,
            0.8278999924659729,
            0.8270999789237976,
            0.8282999992370605
        ],
        "average_train_time": [
            0.014872935819625855,
            0.013865769538879394,
            0.013976930584907532,
            0.014734724607467652,
            0.01440346022605896,
            0.014083877105712891,
            0.013999649448394776,
            0.013888432874679566,
            0.014075084571838379,
            0.013953379702568054,
            0.013089436225891113,
            0.01332537537574768,
            0.013256654272079468,
            0.014488299555778503,
            0.014414999904632568,
            0.013375357670783997,
            0.013083367986679077,
            0.006185482640266419,
            0.005957739949226379,
            0.005975704698562622,
            0.0059519000053405765,
            0.005966384844779968,
            0.005962815279960633,
            0.005942579998970032,
            0.005970608105659485,
            0.005960724730491638,
            0.005949827990531922,
            0.005965150203704834,
            0.005950762000083923,
            0.005945979990959168,
            0.005986149272918701,
            0.005960465526580811
        ],
        "average_inference_time": [
            0.0020254002809524537,
            0.001668800449371338,
            0.0017364254713058472,
            0.001705400037765503,
            0.0016990528345108033,
            0.0016989041328430176,
            0.0016675034284591675,
            0.0016680077075958252,
            0.0016980909347534179,
            0.0016953000068664552,
            0.001701806616783142,
            0.0017520444393157959,
            0.0017733029127120971,
            0.0017427771091461182,
            0.0017382416486740112,
            0.001672327160835266,
            0.0016740997791290283,
            0.0019825000286102295,
            0.0016511372089385986,
            0.0016506512641906738,
            0.0016485512495040893,
            0.0016539897441864013,
            0.0016603997707366944,
            0.001646299958229065,
            0.0016490628719329835,
            0.0016478002548217774,
            0.0016496002912521363,
            0.0016465366840362548,
            0.0016452996730804443,
            0.0016474998712539674,
            0.0016676161527633666,
            0.0016595064878463745
        ],
        "compile_time": 0.09800076484680176,
        "build_time": 18.063000202178955,
        "save_time": 1.2750005722045898,
        "mutation_info": {
            "parent": "",
            "cell_index": 0,
            "group_index": 0,
            "item_index": 0,
            "mutation_type": 0,
            "mutation_subtype": 0
        },
        "flops": 0
    },
    "parent_model_name": ""
}