{
    "embedding": [
        1,
        0,
        8,
        1,
        7,
        1,
        4,
        1,
        8,
        2,
        6,
        1,
        6,
        3,
        5,
        1,
        7,
        1,
        8,
        0,
        4,
        0,
        5,
        1,
        8,
        2,
        5,
        1,
        7,
        3,
        1,
        3,
        0,
        3,
        3,
        1,
        0,
        1,
        8,
        5
    ],
    "hyperparameters": {
        "CELL_STACKS": [
            3,
            1
        ],
        "CELL_STRIDES": [
            1,
            2
        ],
        "CELL_INDEX_FOR_REDUCTION": 1,
        "GROUPS_PER_CELL": 5,
        "OPS_PER_GROUP": 2,
        "CELL_LAYERS": 3,
        "TARGET_FILTER_DIMS": 24,
        "REDUCTION_EXPANSION_FACTOR": 2,
        "REDUCTION_EXPANSION_BEFORE": false,
        "REDUCE_CURRENT": false,
        "PASS_RESIDUAL": true,
        "CONCATENATE_ALL": false,
        "TRAIN_EPOCHS": 1,
        "TRAIN_ITERATIONS": 16,
        "MAXIMUM_LEARNING_RATE": 0.025,
        "MINIMUM_LEARNING_RATE": 0.001,
        "USE_SGDR": true,
        "BATCH_SIZE": 16,
        "SGDR_EPOCHS_PER_RESTART": 16,
        "SGDR_LR_DECAY": 0.8,
        "SGDR_PERIOD_DECAY": 2,
        "DROP_PATH_CHANCE": 0.6,
        "DROP_PATH_TOTAL_STEPS_MULTI": 1,
        "IDENTITY_THRESHOLD": 0.0
    },
    "model_name": "evo_1596107843.995706",
    "metrics": {
        "accuracy": [
            0.5440999865531921,
            0.6460000276565552,
            0.7164999842643738,
            0.7336000204086304,
            0.7861999869346619,
            0.8015000224113464,
            0.8222000002861023,
            0.8295000195503235,
            0.8392999768257141,
            0.849399983882904,
            0.8565999865531921,
            0.8580999970436096,
            0.8640000224113464,
            0.8648999929428101,
            0.8669999837875366,
            0.8689000010490417
        ],
        "average_train_time": [
            0.009404051718711852,
            0.00868542754650116,
            0.008711694798469543,
            0.008693070931434631,
            0.008641379981040954,
            0.008755750179290771,
            0.008721819062232971,
            0.008684870276451111,
            0.008715130200386048,
            0.008759219975471497,
            0.008666703519821167,
            0.008827330641746522,
            0.008740940632820129,
            0.008724739999771119,
            0.008731390261650086,
            0.008746299948692322
        ],
        "average_inference_time": [
            0.001530600094795227,
            0.0012822000980377197,
            0.0012624000310897828,
            0.0012673003196716308,
            0.001298100233078003,
            0.001260300326347351,
            0.001261799716949463,
            0.0012764999866485597,
            0.0012810998916625977,
            0.0012887001752853395,
            0.0012890998840332031,
            0.0012634999990463257,
            0.0012691999673843384,
            0.0012794997930526734,
            0.0012620999813079835,
            0.001261400580406189
        ],
        "compile_time": 0.07899808883666992,
        "build_time": 11.498000383377075,
        "save_time": 1.5959980487823486,
        "mutation_info": {
            "parent": "",
            "cell_index": 0,
            "group_index": 0,
            "item_index": 0,
            "mutation_type": 0,
            "mutation_subtype": 0
        },
        "flops": 0
    },
    "parent_model_name": ""
}