{
    "embedding": [
        2,
        0,
        3,
        1,
        5,
        1,
        7,
        2,
        1,
        1,
        8,
        3,
        8,
        3,
        6,
        1,
        4,
        1,
        0,
        1,
        1,
        0,
        3,
        1,
        2,
        1,
        5,
        1,
        4,
        3,
        1,
        0,
        5,
        3,
        1,
        1,
        3,
        0,
        8,
        2
    ],
    "hyperparameters": {
        "CELL_STACKS": [
            3,
            1
        ],
        "CELL_STRIDES": [
            1,
            2
        ],
        "CELL_INDEX_FOR_REDUCTION": 1,
        "GROUPS_PER_CELL": 5,
        "OPS_PER_GROUP": 2,
        "CELL_LAYERS": 3,
        "TARGET_FILTER_DIMS": 24,
        "REDUCTION_EXPANSION_FACTOR": 2,
        "REDUCTION_EXPANSION_BEFORE": false,
        "REDUCE_CURRENT": false,
        "PASS_RESIDUAL": true,
        "CONCATENATE_ALL": false,
        "TRAIN_EPOCHS": 1,
        "TRAIN_ITERATIONS": 32,
        "MAXIMUM_LEARNING_RATE": 0.025,
        "MINIMUM_LEARNING_RATE": 0.001,
        "USE_SGDR": true,
        "BATCH_SIZE": 16,
        "SGDR_EPOCHS_PER_RESTART": 32,
        "SGDR_LR_DECAY": 0.8,
        "SGDR_PERIOD_DECAY": 2,
        "DROP_PATH_CHANCE": 0.6,
        "DROP_PATH_TOTAL_STEPS_MULTI": 1,
        "IDENTITY_THRESHOLD": 0.0
    },
    "model_name": "evo_1593762099.2003546",
    "metrics": {
        "accuracy": [
            0.5598000288009644,
            0.6916000247001648,
            0.6980000138282776,
            0.7240999937057495,
            0.7861999869346619,
            0.7813000082969666,
            0.8032000064849854,
            0.7964000105857849,
            0.8098999857902527,
            0.8144000172615051,
            0.822700023651123,
            0.8342000246047974,
            0.8374000191688538,
            0.8255000114440918,
            0.8348000049591064,
            0.8324000239372253,
            0.8252999782562256,
            0.8432999849319458,
            0.8499000072479248,
            0.8532999753952026,
            0.8511000275611877,
            0.861299991607666,
            0.8593999743461609,
            0.8587999939918518,
            0.8641999959945679,
            0.8618000149726868,
            0.8628000020980835,
            0.8623999953269958,
            0.8633999824523926,
            0.8652999997138977,
            0.8658999800682068,
            0.8661999702453613
        ],
        "average_train_time": [
            0.009358348226547242,
            0.008799411644935608,
            0.008921200041770935,
            0.00895288007259369,
            0.008839399995803833,
            0.008825119972229003,
            0.008853759603500367,
            0.008814019927978516,
            0.0088263152885437,
            0.008822254614830017,
            0.00885327998161316,
            0.00885736008644104,
            0.00884612000465393,
            0.008825664405822754,
            0.008805720000267029,
            0.008872960124015809,
            0.008829359908103943,
            0.008792120060920715,
            0.008806380004882812,
            0.008808180050849915,
            0.008775140018463135,
            0.008823314509391784,
            0.008795859775543213,
            0.008836600041389465,
            0.008792560038566589,
            0.008789190139770508,
            0.008814169392585754,
            0.008771760053634644,
            0.008770433506965637,
            0.008829946355819702,
            0.008830259943008423,
            0.008822297568321228
        ],
        "average_inference_time": [
            0.0014995893239974976,
            0.0012695018291473388,
            0.0012697001457214355,
            0.0012810997486114501,
            0.0012698999643325805,
            0.001271399974822998,
            0.0012876004219055175,
            0.0012693004131317139,
            0.0012838868379592896,
            0.0012662999391555786,
            0.0012674999713897705,
            0.0012663000106811523,
            0.001268679165840149,
            0.0012759999990463256,
            0.0012668004274368286,
            0.0012692996501922607,
            0.0012814005374908448,
            0.0012645000219345093,
            0.0012667003870010375,
            0.0012680999994277955,
            0.0012832903146743773,
            0.0012670002222061158,
            0.0012700004816055298,
            0.0012801000833511352,
            0.001272802233695984,
            0.0012653004884719849,
            0.0012700008153915406,
            0.00127949435710907,
            0.0012687778472900391,
            0.001266667103767395,
            0.0012832999229431153,
            0.0012690007209777833
        ],
        "compile_time": 0.07199907302856445,
        "build_time": 10.639981508255005,
        "save_time": 2.4265682697296143,
        "mutation_info": {
            "parent": "",
            "cell_index": 0,
            "group_index": 0,
            "item_index": 0,
            "mutation_type": 0,
            "mutation_subtype": 0
        },
        "flops": 0
    },
    "parent_model_name": ""
}