{
    "embedding": [
        2,
        0,
        3,
        1,
        5,
        1,
        7,
        2,
        1,
        1,
        8,
        3,
        8,
        3,
        6,
        1,
        4,
        1,
        0,
        1,
        1,
        0,
        3,
        1,
        2,
        1,
        5,
        1,
        4,
        3,
        1,
        0,
        5,
        3,
        1,
        1,
        3,
        0,
        8,
        2
    ],
    "hyperparameters": {
        "CELL_STACKS": [
            5,
            1
        ],
        "CELL_STRIDES": [
            1,
            2
        ],
        "CELL_INDEX_FOR_REDUCTION": 1,
        "GROUPS_PER_CELL": 5,
        "OPS_PER_GROUP": 2,
        "CELL_LAYERS": 3,
        "TARGET_FILTER_DIMS": 24,
        "REDUCTION_EXPANSION_FACTOR": 2,
        "REDUCTION_EXPANSION_BEFORE": false,
        "REDUCE_CURRENT": false,
        "PASS_RESIDUAL": true,
        "CONCATENATE_ALL": false,
        "TRAIN_EPOCHS": 1,
        "TRAIN_ITERATIONS": 16,
        "MAXIMUM_LEARNING_RATE": 0.025,
        "MINIMUM_LEARNING_RATE": 0.001,
        "USE_SGDR": true,
        "BATCH_SIZE": 16,
        "SGDR_EPOCHS_PER_RESTART": 16,
        "SGDR_LR_DECAY": 0.8,
        "SGDR_PERIOD_DECAY": 2,
        "DROP_PATH_CHANCE": 0.6,
        "DROP_PATH_TOTAL_STEPS_MULTI": 1,
        "IDENTITY_THRESHOLD": 0.0,
        "NORMAL_CELL_N": 3
    },
    "model_name": "evo_1594574502.435394",
    "metrics": {
        "accuracy": [
            0.49810001254081726,
            0.6172999739646912,
            0.6904000043869019,
            0.713699996471405,
            0.7384999990463257,
            0.7716000080108643,
            0.7781999707221985,
            0.7982000112533569,
            0.8228999972343445,
            0.8328999876976013,
            0.8371000289916992,
            0.8421000242233276,
            0.8474000096321106,
            0.852400004863739,
            0.8521999716758728,
            0.8555999994277954
        ],
        "average_train_time": [
            0.014634930686950683,
            0.013543049635887146,
            0.013558991837501526,
            0.013573622226715088,
            0.013535113711357117,
            0.013603519983291627,
            0.013607932262420654,
            0.013604175019264222,
            0.013590127358436585,
            0.013580125093460084,
            0.013609583344459534,
            0.013583569822311401,
            0.013591071605682374,
            0.013599178347587585,
            0.013614179911613464,
            0.013612077465057373
        ],
        "average_inference_time": [
            0.002347000312805176,
            0.0019631518602371218,
            0.0019738996505737306,
            0.0019718001127243044,
            0.001972700238227844,
            0.001972236680984497,
            0.001978799819946289,
            0.0019790004014968872,
            0.001959100079536438,
            0.0019676551580429078,
            0.001978184723854065,
            0.001961899948120117,
            0.001978499960899353,
            0.001977700448036194,
            0.0019992002725601195,
            0.0019756000757217406
        ],
        "compile_time": 0.11200094223022461,
        "build_time": 16.868659496307373,
        "save_time": 4.276237487792969,
        "mutation_info": {
            "parent": "",
            "cell_index": 0,
            "group_index": 0,
            "item_index": 0,
            "mutation_type": 0,
            "mutation_subtype": 0
        },
        "flops": 0
    },
    "parent_model_name": ""
}