{
    "embedding": [
        2,
        0,
        5,
        1,
        4,
        1,
        2,
        1,
        3,
        2,
        7,
        1,
        2,
        4,
        3,
        0,
        8,
        4,
        8,
        5,
        2,
        0,
        8,
        1,
        8,
        0,
        2,
        0,
        6,
        2,
        7,
        0,
        3,
        1,
        6,
        1,
        4,
        1,
        2,
        1
    ],
    "hyperparameters": {
        "CELL_STACKS": [
            6,
            1
        ],
        "CELL_STRIDES": [
            1,
            2
        ],
        "CELL_INDEX_FOR_REDUCTION": 1,
        "GROUPS_PER_CELL": 5,
        "OPS_PER_GROUP": 2,
        "CELL_LAYERS": 3,
        "TARGET_FILTER_DIMS": 32,
        "REDUCTION_EXPANSION_FACTOR": 2,
        "REDUCTION_EXPANSION_BEFORE": false,
        "REDUCE_CURRENT": false,
        "PASS_RESIDUAL": true,
        "CONCATENATE_ALL": false,
        "TRAIN_EPOCHS": 1,
        "TRAIN_ITERATIONS": 16,
        "MAXIMUM_LEARNING_RATE": 0.025,
        "MINIMUM_LEARNING_RATE": 0.001,
        "USE_SGDR": true,
        "BATCH_SIZE": 16,
        "SGDR_EPOCHS_PER_RESTART": 16,
        "SGDR_LR_DECAY": 0.8,
        "SGDR_PERIOD_DECAY": 2,
        "DROP_PATH_CHANCE": 0.6,
        "DROP_PATH_TOTAL_STEPS_MULTI": 1,
        "IDENTITY_THRESHOLD": 0.0
    },
    "model_name": "evo_1595376190.408651",
    "metrics": {
        "accuracy": [
            0.48579999804496765,
            0.5720000267028809,
            0.6489999890327454,
            0.6953999996185303,
            0.7383999824523926,
            0.7756999731063843,
            0.7922000288963318
        ],
        "average_train_time": [
            0.01963186508178711,
            0.018179481863975524,
            0.018154673314094545,
            0.01818752381801605,
            0.01826043161392212,
            0.019138377723693846,
            0.02053241153717041
        ],
        "average_inference_time": [
            0.0032663562297821046,
            0.0028033133029937746,
            0.0028184001445770266,
            0.0027963000535964964,
            0.0028026999473571776,
            0.0029213351726531983,
            0.00290512809753418
        ],
        "compile_time": 0.13997817039489746,
        "build_time": 26.384252309799194,
        "save_time": 4.028998851776123,
        "mutation_info": {
            "parent": "",
            "cell_index": 0,
            "group_index": 0,
            "item_index": 0,
            "mutation_type": 0,
            "mutation_subtype": 0
        },
        "flops": 0
    },
    "parent_model_name": ""
}