{
    "embedding": [
        4,
        0,
        5,
        1,
        7,
        1,
        1,
        0,
        0,
        2,
        7,
        0,
        8,
        4,
        6,
        4,
        3,
        1,
        2,
        0,
        1,
        0,
        0,
        1,
        6,
        2,
        1,
        0,
        6,
        0,
        2,
        0,
        7,
        2,
        6,
        2,
        0,
        1,
        2,
        0
    ],
    "hyperparameters": {
        "CELL_STACKS": [
            6,
            1
        ],
        "CELL_STRIDES": [
            1,
            2
        ],
        "CELL_INDEX_FOR_REDUCTION": 1,
        "GROUPS_PER_CELL": 5,
        "OPS_PER_GROUP": 2,
        "CELL_LAYERS": 3,
        "TARGET_FILTER_DIMS": 32,
        "REDUCTION_EXPANSION_FACTOR": 2,
        "REDUCTION_EXPANSION_BEFORE": false,
        "REDUCE_CURRENT": false,
        "PASS_RESIDUAL": true,
        "CONCATENATE_ALL": false,
        "TRAIN_EPOCHS": 1,
        "TRAIN_ITERATIONS": 16,
        "MAXIMUM_LEARNING_RATE": 0.025,
        "MINIMUM_LEARNING_RATE": 0.001,
        "USE_SGDR": true,
        "BATCH_SIZE": 16,
        "SGDR_EPOCHS_PER_RESTART": 16,
        "SGDR_LR_DECAY": 0.8,
        "SGDR_PERIOD_DECAY": 2,
        "DROP_PATH_CHANCE": 0.6,
        "DROP_PATH_TOTAL_STEPS_MULTI": 1,
        "IDENTITY_THRESHOLD": 0.0
    },
    "model_name": "evo_1595315465.0224068",
    "metrics": {
        "accuracy": [
            0.48350000381469727,
            0.5313000082969666,
            0.5958999991416931,
            0.6280999779701233,
            0.6941999793052673,
            0.7304999828338623,
            0.7620999813079834,
            0.7864000201225281,
            0.7954000234603882,
            0.8144000172615051,
            0.815500020980835,
            0.8281999826431274,
            0.832099974155426,
            0.838100016117096,
            0.8378000259399414,
            0.840399980545044
        ],
        "average_train_time": [
            0.018411272716522216,
            0.017425531430244445,
            0.017329311780929564,
            0.017347954263687133,
            0.017347860555648804,
            0.017332617044448852,
            0.017340732016563415,
            0.01734765983104706,
            0.017341113119125368,
            0.017367290296554566,
            0.01743491452217102,
            0.017330119581222533,
            0.01734827664375305,
            0.017331216759681703,
            0.01736730089664459,
            0.01733661786556244
        ],
        "average_inference_time": [
            0.003352499890327454,
            0.002919500160217285,
            0.0029169000148773195,
            0.002925500273704529,
            0.0029164001226425172,
            0.002915300011634827,
            0.002909800338745117,
            0.0029112003803253173,
            0.002916328501701355,
            0.002905400252342224,
            0.002912100338935852,
            0.0029098000288009644,
            0.0029141003370285034,
            0.0029120999097824096,
            0.00291829993724823,
            0.0029182002544403075
        ],
        "compile_time": 0.11899924278259277,
        "build_time": 19.055000066757202,
        "save_time": 3.845097541809082,
        "mutation_info": {
            "parent": "",
            "cell_index": 0,
            "group_index": 0,
            "item_index": 0,
            "mutation_type": 0,
            "mutation_subtype": 0
        },
        "flops": 0
    },
    "parent_model_name": ""
}