{
    "embedding": [
        2,
        0,
        5,
        1,
        2,
        1,
        8,
        1,
        6,
        1,
        2,
        3,
        7,
        4,
        5,
        1,
        6,
        5,
        4,
        4,
        3,
        6,
        5,
        4,
        5,
        0,
        2,
        2,
        5,
        0,
        3,
        1,
        5,
        0,
        5,
        0,
        5,
        2,
        3,
        2,
        3,
        4,
        8,
        1,
        0,
        4,
        8,
        4,
        1,
        4,
        7,
        6,
        1,
        1,
        7,
        4
    ],
    "hyperparameters": {
        "CELL_STACKS": [
            3,
            1
        ],
        "CELL_STRIDES": [
            1,
            2
        ],
        "CELL_INDEX_FOR_REDUCTION": 1,
        "GROUPS_PER_CELL": 7,
        "OPS_PER_GROUP": 2,
        "CELL_LAYERS": 2,
        "TARGET_FILTER_DIMS": 16,
        "REDUCTION_EXPANSION_FACTOR": 2,
        "REDUCTION_EXPANSION_BEFORE": false,
        "REDUCE_CURRENT": false,
        "PASS_RESIDUAL": true,
        "CONCATENATE_ALL": false,
        "TRAIN_EPOCHS": 1,
        "TRAIN_ITERATIONS": 16,
        "MAXIMUM_LEARNING_RATE": 0.025,
        "MINIMUM_LEARNING_RATE": 0.001,
        "USE_SGDR": true,
        "BATCH_SIZE": 16,
        "SGDR_EPOCHS_PER_RESTART": 16,
        "SGDR_LR_DECAY": 0.8,
        "SGDR_PERIOD_DECAY": 2,
        "DROP_PATH_CHANCE": 0.6,
        "DROP_PATH_TOTAL_STEPS_MULTI": 1,
        "IDENTITY_THRESHOLD": 0.0
    },
    "model_name": "evo_1596194976.6335006",
    "metrics": {
        "accuracy": [
            0.521399974822998,
            0.5981000065803528,
            0.5853999853134155,
            0.6140999794006348,
            0.715499997138977,
            0.734000027179718,
            0.7487000226974487,
            0.7616000175476074,
            0.7842000126838684,
            0.7782999873161316,
            0.7996000051498413,
            0.8118000030517578,
            0.8061000108718872,
            0.8104000091552734,
            0.8190000057220459,
            0.817799985408783
        ],
        "average_train_time": [
            0.007815227775573731,
            0.007082040028572083,
            0.00703571026802063,
            0.007136900024414063,
            0.007275552129745484,
            0.0072694799947738645,
            0.007036710224151611,
            0.0070490507364273074,
            0.0072453007650375365,
            0.0072688600063323975,
            0.007229706678390503,
            0.007129260020256043,
            0.007036220011711121,
            0.007223420028686523,
            0.007318586692810059,
            0.007216360278129577
        ],
        "average_inference_time": [
            0.001036700201034546,
            0.0008103000640869141,
            0.0008133001804351807,
            0.0008214000463485718,
            0.0008194998502731323,
            0.0008183003664016723,
            0.0008123003721237183,
            0.0008173002004623414,
            0.0008341008186340332,
            0.0008078001022338867,
            0.0008050999641418457,
            0.0008204999685287476,
            0.0008070104598999024,
            0.0008447999000549317,
            0.0008184997081756592,
            0.0008206006526947021
        ],
        "compile_time": 0.06999945640563965,
        "build_time": 10.314000129699707,
        "save_time": 0.9369988441467285,
        "mutation_info": {
            "parent": "",
            "cell_index": 0,
            "group_index": 0,
            "item_index": 0,
            "mutation_type": 0,
            "mutation_subtype": 0
        },
        "flops": 0
    },
    "parent_model_name": ""
}