{
    "embedding": [
        2,
        0,
        8,
        1,
        6,
        1,
        2,
        2,
        7,
        3,
        5,
        1,
        6,
        4,
        4,
        3,
        3,
        5,
        5,
        3,
        0,
        0,
        2,
        1,
        5,
        1,
        3,
        0,
        5,
        0,
        5,
        1,
        5,
        2,
        3,
        3,
        3,
        5,
        8,
        2
    ],
    "hyperparameters": {
        "CELL_STACKS": [
            6,
            1
        ],
        "CELL_STRIDES": [
            1,
            2
        ],
        "CELL_INDEX_FOR_REDUCTION": 1,
        "GROUPS_PER_CELL": 5,
        "OPS_PER_GROUP": 2,
        "CELL_LAYERS": 3,
        "TARGET_FILTER_DIMS": 32,
        "REDUCTION_EXPANSION_FACTOR": 2,
        "REDUCTION_EXPANSION_BEFORE": false,
        "REDUCE_CURRENT": false,
        "PASS_RESIDUAL": true,
        "CONCATENATE_ALL": false,
        "TRAIN_EPOCHS": 1,
        "TRAIN_ITERATIONS": 16,
        "MAXIMUM_LEARNING_RATE": 0.025,
        "MINIMUM_LEARNING_RATE": 0.001,
        "USE_SGDR": true,
        "BATCH_SIZE": 16,
        "SGDR_EPOCHS_PER_RESTART": 16,
        "SGDR_LR_DECAY": 0.8,
        "SGDR_PERIOD_DECAY": 2,
        "DROP_PATH_CHANCE": 0.6,
        "DROP_PATH_TOTAL_STEPS_MULTI": 1,
        "IDENTITY_THRESHOLD": 0.0
    },
    "model_name": "evo_1595243381.4196875",
    "metrics": {
        "accuracy": [
            0.3880999982357025,
            0.47189998626708984,
            0.5511999726295471,
            0.6086999773979187,
            0.6385999917984009,
            0.6496000289916992,
            0.6985999941825867,
            0.6940000057220459,
            0.7458000183105469,
            0.7605000138282776,
            0.762499988079071,
            0.7746999859809875,
            0.7843000292778015,
            0.7892000079154968,
            0.7946000099182129,
            0.7990000247955322
        ],
        "average_train_time": [
            0.013920192365646362,
            0.013238539943695069,
            0.013187040138244628,
            0.013006789073944092,
            0.013025382843017578,
            0.013065160002708435,
            0.013020046653747558,
            0.013016324114799499,
            0.013024480018615723,
            0.013064033026695251,
            0.013002320084571839,
            0.013030583972930908,
            0.013188559999465943,
            0.01305717996120453,
            0.013026387538909912,
            0.013020627989768982
        ],
        "average_inference_time": [
            0.001981700038909912,
            0.0016660589933395387,
            0.0017157002210617066,
            0.0016677000284194947,
            0.0016587881565093994,
            0.001665368890762329,
            0.0016624001502990723,
            0.0016600001335144042,
            0.0016629320383071899,
            0.0016528001546859742,
            0.00165319983959198,
            0.001669000506401062,
            0.001666700053215027,
            0.0016530004024505615,
            0.001675384497642517,
            0.0016596004962921142
        ],
        "compile_time": 0.09999918937683105,
        "build_time": 16.387017011642456,
        "save_time": 1.661015510559082,
        "mutation_info": {
            "parent": "",
            "cell_index": 0,
            "group_index": 0,
            "item_index": 0,
            "mutation_type": 0,
            "mutation_subtype": 0
        },
        "flops": 0
    },
    "parent_model_name": ""
}