{
    "embedding": [
        1,
        0,
        5,
        1,
        8,
        1,
        5,
        0,
        6,
        2,
        2,
        2,
        1,
        1,
        8,
        1,
        2,
        4,
        2,
        2,
        0,
        0,
        3,
        1,
        3,
        0,
        1,
        2,
        6,
        0,
        4,
        0,
        8,
        2,
        1,
        4,
        0,
        3,
        6,
        1
    ],
    "hyperparameters": {
        "CELL_STACKS": [
            6,
            1
        ],
        "CELL_STRIDES": [
            1,
            2
        ],
        "CELL_INDEX_FOR_REDUCTION": 1,
        "GROUPS_PER_CELL": 5,
        "OPS_PER_GROUP": 2,
        "CELL_LAYERS": 3,
        "TARGET_FILTER_DIMS": 32,
        "REDUCTION_EXPANSION_FACTOR": 2,
        "REDUCTION_EXPANSION_BEFORE": false,
        "REDUCE_CURRENT": false,
        "PASS_RESIDUAL": true,
        "CONCATENATE_ALL": false,
        "TRAIN_EPOCHS": 1,
        "TRAIN_ITERATIONS": 16,
        "MAXIMUM_LEARNING_RATE": 0.025,
        "MINIMUM_LEARNING_RATE": 0.001,
        "USE_SGDR": true,
        "BATCH_SIZE": 16,
        "SGDR_EPOCHS_PER_RESTART": 16,
        "SGDR_LR_DECAY": 0.8,
        "SGDR_PERIOD_DECAY": 2,
        "DROP_PATH_CHANCE": 0.6,
        "DROP_PATH_TOTAL_STEPS_MULTI": 1,
        "IDENTITY_THRESHOLD": 0.0
    },
    "model_name": "evo_1595266585.0221672",
    "metrics": {
        "accuracy": [
            0.47999998927116394,
            0.6392999887466431,
            0.7085000276565552,
            0.7513999938964844,
            0.7980999946594238,
            0.8116999864578247,
            0.8126000165939331,
            0.829800009727478,
            0.852400004863739,
            0.857699990272522,
            0.8604000210762024,
            0.8651000261306763,
            0.8733999729156494,
            0.8773000240325928,
            0.878000020980835,
            0.8772000074386597
        ],
        "average_train_time": [
            0.019538370118141173,
            0.01845647138595581,
            0.018520913438797,
            0.018863413181304932,
            0.018304814429283143,
            0.01755651668548584,
            0.017400523858070373,
            0.017765511407852173,
            0.017798548054695128,
            0.018077015442848204,
            0.01776484555721283,
            0.018497581133842467,
            0.018322200965881347,
            0.01957689363002777,
            0.012340904698371888,
            0.010960802640914917
        ],
        "average_inference_time": [
            0.003237491178512573,
            0.002721071219444275,
            0.0027293240785598756,
            0.0026635430812835693,
            0.0026713544607162476,
            0.0026215632200241087,
            0.0027251210689544676,
            0.002577000069618225,
            0.002740504264831543,
            0.0026798001289367675,
            0.00274552538394928,
            0.0027386263370513917,
            0.0027729873180389404,
            0.002686584949493408,
            0.003391815090179443,
            0.002752181601524353
        ],
        "compile_time": 0.1522998809814453,
        "build_time": 20.240554809570312,
        "save_time": 4.1616106033325195,
        "mutation_info": {
            "parent": "",
            "cell_index": 0,
            "group_index": 0,
            "item_index": 0,
            "mutation_type": 0,
            "mutation_subtype": 0
        },
        "flops": 0
    },
    "parent_model_name": ""
}