{
    "embedding": [
        1,
        0,
        8,
        1,
        7,
        1,
        4,
        1,
        8,
        2,
        6,
        1,
        6,
        3,
        5,
        1,
        7,
        1,
        8,
        0,
        4,
        0,
        5,
        1,
        8,
        2,
        5,
        1,
        7,
        3,
        1,
        3,
        0,
        3,
        3,
        1,
        0,
        1,
        8,
        5
    ],
    "hyperparameters": {
        "CELL_STACKS": [
            5,
            1
        ],
        "CELL_STRIDES": [
            1,
            2
        ],
        "CELL_INDEX_FOR_REDUCTION": 1,
        "GROUPS_PER_CELL": 5,
        "OPS_PER_GROUP": 2,
        "CELL_LAYERS": 3,
        "TARGET_FILTER_DIMS": 24,
        "REDUCTION_EXPANSION_FACTOR": 2,
        "REDUCTION_EXPANSION_BEFORE": false,
        "REDUCE_CURRENT": false,
        "PASS_RESIDUAL": true,
        "CONCATENATE_ALL": false,
        "TRAIN_EPOCHS": 1,
        "TRAIN_ITERATIONS": 16,
        "MAXIMUM_LEARNING_RATE": 0.025,
        "MINIMUM_LEARNING_RATE": 0.001,
        "USE_SGDR": true,
        "BATCH_SIZE": 16,
        "SGDR_EPOCHS_PER_RESTART": 16,
        "SGDR_LR_DECAY": 0.8,
        "SGDR_PERIOD_DECAY": 2,
        "DROP_PATH_CHANCE": 0.6,
        "DROP_PATH_TOTAL_STEPS_MULTI": 1,
        "IDENTITY_THRESHOLD": 0.0,
        "NORMAL_CELL_N": 3
    },
    "model_name": "evo_1594623820.173549",
    "metrics": {
        "accuracy": [
            0.5404000282287598,
            0.633899986743927,
            0.6935999989509583,
            0.7473000288009644,
            0.7717999815940857,
            0.7953000068664551,
            0.8009999990463257,
            0.8167999982833862,
            0.8299000263214111,
            0.8450999855995178,
            0.8511000275611877,
            0.8496000170707703,
            0.8567000031471252,
            0.8593000173568726,
            0.8600999712944031,
            0.8628000020980835
        ],
        "average_train_time": [
            0.01358424147605896,
            0.012660983848571778,
            0.012681124048233032,
            0.01269845974445343,
            0.012672127523422241,
            0.012663237547874451,
            0.012679369835853577,
            0.012720039734840392,
            0.01266411600112915,
            0.012662040538787842,
            0.012713699889183045,
            0.01268505129814148,
            0.012712869606018067,
            0.012668315086364746,
            0.012687323150634765,
            0.012674139957427978
        ],
        "average_inference_time": [
            0.002312067461013794,
            0.0019329003810882569,
            0.0019255998134613038,
            0.0019357999563217162,
            0.001926200532913208,
            0.0019332003355026245,
            0.0019277000188827516,
            0.0019344007968902588,
            0.0019352996826171875,
            0.001948300004005432,
            0.0019517455101013183,
            0.0019510998964309691,
            0.0019517999410629272,
            0.0019289998292922974,
            0.0019350976705551147,
            0.0019452999830245972
        ],
        "compile_time": 0.10499811172485352,
        "build_time": 17.253999710083008,
        "save_time": 2.9940407276153564,
        "mutation_info": {
            "parent": "",
            "cell_index": 0,
            "group_index": 0,
            "item_index": 0,
            "mutation_type": 0,
            "mutation_subtype": 0
        },
        "flops": 0
    },
    "parent_model_name": ""
}