{
    "embedding": [
        1,
        0,
        5,
        1,
        8,
        1,
        5,
        0,
        6,
        2,
        2,
        2,
        1,
        1,
        8,
        1,
        2,
        4,
        2,
        2,
        0,
        0,
        3,
        1,
        3,
        0,
        1,
        2,
        6,
        0,
        4,
        0,
        8,
        2,
        1,
        4,
        0,
        3,
        6,
        1
    ],
    "hyperparameters": {
        "CELL_STACKS": [
            3,
            1
        ],
        "CELL_STRIDES": [
            1,
            2
        ],
        "CELL_INDEX_FOR_REDUCTION": 1,
        "GROUPS_PER_CELL": 5,
        "OPS_PER_GROUP": 2,
        "CELL_LAYERS": 3,
        "TARGET_FILTER_DIMS": 24,
        "REDUCTION_EXPANSION_FACTOR": 2,
        "REDUCTION_EXPANSION_BEFORE": false,
        "REDUCE_CURRENT": false,
        "PASS_RESIDUAL": true,
        "CONCATENATE_ALL": false,
        "TRAIN_EPOCHS": 1,
        "TRAIN_ITERATIONS": 16,
        "MAXIMUM_LEARNING_RATE": 0.025,
        "MINIMUM_LEARNING_RATE": 0.001,
        "USE_SGDR": true,
        "BATCH_SIZE": 16,
        "SGDR_EPOCHS_PER_RESTART": 16,
        "SGDR_LR_DECAY": 0.8,
        "SGDR_PERIOD_DECAY": 2,
        "DROP_PATH_CHANCE": 0.6,
        "DROP_PATH_TOTAL_STEPS_MULTI": 1,
        "IDENTITY_THRESHOLD": 0.0
    },
    "model_name": "evo_1596044387.6282153",
    "metrics": {
        "accuracy": [
            0.5340999960899353,
            0.6636999845504761,
            0.7312999963760376,
            0.7773000001907349,
            0.7815999984741211,
            0.8206999897956848,
            0.8217999935150146,
            0.8388000130653381,
            0.8388000130653381,
            0.8539999723434448,
            0.8547000288963318,
            0.8629000186920166,
            0.8621000051498413,
            0.8633000254631042,
            0.8676999807357788,
            0.8671000003814697
        ],
        "average_train_time": [
            0.010486136388778686,
            0.009567074527740478,
            0.009274566493034363,
            0.00959220573425293,
            0.00914566038131714,
            0.005420923385620117,
            0.005028003458976746,
            0.0049762184381484985,
            0.004985944890975952,
            0.005074262862205505,
            0.005050570363998413,
            0.00505293071269989,
            0.005046948308944702,
            0.0051446929931640625,
            0.005118748726844788,
            0.005087190408706665
        ],
        "average_inference_time": [
            0.001665791654586792,
            0.0012995419263839721,
            0.0012538001775741576,
            0.0012864004373550415,
            0.0012645000457763673,
            0.0015996000289916993,
            0.0013041000843048095,
            0.00129425048828125,
            0.0013052515029907228,
            0.0012873000860214234,
            0.0013560999870300293,
            0.0013000508546829224,
            0.0013237000465393066,
            0.0013399009227752685,
            0.0013384546041488648,
            0.0013080539226531982
        ],
        "compile_time": 0.08300018310546875,
        "build_time": 15.385407447814941,
        "save_time": 1.6039998531341553,
        "mutation_info": {
            "parent": "",
            "cell_index": 0,
            "group_index": 0,
            "item_index": 0,
            "mutation_type": 0,
            "mutation_subtype": 0
        },
        "flops": 0
    },
    "parent_model_name": ""
}