{
    "embedding": [
        2,
        0,
        5,
        1,
        4,
        1,
        2,
        1,
        3,
        2,
        7,
        1,
        2,
        4,
        3,
        0,
        8,
        4,
        8,
        5,
        2,
        0,
        8,
        1,
        8,
        0,
        2,
        0,
        6,
        2,
        7,
        0,
        3,
        1,
        6,
        1,
        4,
        1,
        2,
        1
    ],
    "hyperparameters": {
        "CELL_STACKS": [
            3,
            1
        ],
        "CELL_STRIDES": [
            1,
            2
        ],
        "CELL_INDEX_FOR_REDUCTION": 1,
        "GROUPS_PER_CELL": 5,
        "OPS_PER_GROUP": 2,
        "CELL_LAYERS": 3,
        "TARGET_FILTER_DIMS": 24,
        "REDUCTION_EXPANSION_FACTOR": 2,
        "REDUCTION_EXPANSION_BEFORE": false,
        "REDUCE_CURRENT": false,
        "PASS_RESIDUAL": true,
        "CONCATENATE_ALL": false,
        "TRAIN_EPOCHS": 1,
        "TRAIN_ITERATIONS": 16,
        "MAXIMUM_LEARNING_RATE": 0.025,
        "MINIMUM_LEARNING_RATE": 0.001,
        "USE_SGDR": true,
        "BATCH_SIZE": 16,
        "SGDR_EPOCHS_PER_RESTART": 16,
        "SGDR_LR_DECAY": 0.8,
        "SGDR_PERIOD_DECAY": 2,
        "DROP_PATH_CHANCE": 0.6,
        "DROP_PATH_TOTAL_STEPS_MULTI": 1,
        "IDENTITY_THRESHOLD": 0.0
    },
    "model_name": "evo_1596123451.1065564",
    "metrics": {
        "accuracy": [
            0.5529000163078308,
            0.6539999842643738,
            0.7226999998092651,
            0.7595000267028809,
            0.7832000255584717,
            0.7875999808311462,
            0.8163999915122986,
            0.8195000290870667,
            0.8281999826431274,
            0.8240000009536743,
            0.8402000069618225,
            0.8482000231742859,
            0.84579998254776,
            0.8507000207901001,
            0.8501999974250793,
            0.8507999777793884
        ],
        "average_train_time": [
            0.010355875949859619,
            0.009965160160064697,
            0.009799890933036804,
            0.010239276580810548,
            0.010054144473075866,
            0.010233776488304138,
            0.010935211849212647,
            0.010771080832481385,
            0.011180178718566894,
            0.010062354402542115,
            0.010606980543136597,
            0.01053096607208252,
            0.005865017170906067,
            0.005368965744972229,
            0.005426073484420776,
            0.005368990263938903
        ],
        "average_inference_time": [
            0.0017240511178970336,
            0.001319900107383728,
            0.0013364001035690307,
            0.0013281174421310425,
            0.0014046022415161133,
            0.0013754666090011597,
            0.0014329998016357423,
            0.0014299568176269531,
            0.0013217509508132936,
            0.0014516536951065064,
            0.001335400128364563,
            0.001369805908203125,
            0.0016521000385284425,
            0.0013887565851211548,
            0.0013325001716613769,
            0.0014017999649047852
        ],
        "compile_time": 0.09099960327148438,
        "build_time": 11.25200080871582,
        "save_time": 2.6830005645751953,
        "mutation_info": {
            "parent": "",
            "cell_index": 0,
            "group_index": 0,
            "item_index": 0,
            "mutation_type": 0,
            "mutation_subtype": 0
        },
        "flops": 0
    },
    "parent_model_name": ""
}