{
    "embedding": [
        6,
        0,
        6,
        1,
        4,
        2,
        5,
        0,
        2,
        3,
        0,
        1,
        6,
        0,
        7,
        4,
        0,
        1,
        4,
        3,
        8,
        0,
        7,
        1,
        2,
        1,
        8,
        2,
        5,
        3,
        7,
        3,
        5,
        1,
        0,
        4,
        8,
        2,
        4,
        0
    ],
    "hyperparameters": {
        "CELL_STACKS": [
            6,
            1
        ],
        "CELL_STRIDES": [
            1,
            2
        ],
        "CELL_INDEX_FOR_REDUCTION": 1,
        "GROUPS_PER_CELL": 5,
        "OPS_PER_GROUP": 2,
        "CELL_LAYERS": 3,
        "TARGET_FILTER_DIMS": 32,
        "REDUCTION_EXPANSION_FACTOR": 2,
        "REDUCTION_EXPANSION_BEFORE": false,
        "REDUCE_CURRENT": false,
        "PASS_RESIDUAL": true,
        "CONCATENATE_ALL": false,
        "TRAIN_EPOCHS": 1,
        "TRAIN_ITERATIONS": 16,
        "MAXIMUM_LEARNING_RATE": 0.025,
        "MINIMUM_LEARNING_RATE": 0.001,
        "USE_SGDR": true,
        "BATCH_SIZE": 16,
        "SGDR_EPOCHS_PER_RESTART": 16,
        "SGDR_LR_DECAY": 0.8,
        "SGDR_PERIOD_DECAY": 2,
        "DROP_PATH_CHANCE": 0.6,
        "DROP_PATH_TOTAL_STEPS_MULTI": 1,
        "IDENTITY_THRESHOLD": 0.0
    },
    "model_name": "evo_1595306729.8434396",
    "metrics": {
        "accuracy": [
            0.39480000734329224,
            0.47269999980926514,
            0.5882999897003174,
            0.6402999758720398,
            0.6793000102043152,
            0.6895999908447266,
            0.7231000065803528,
            0.7346000075340271,
            0.7455999851226807,
            0.761900007724762,
            0.7720999717712402,
            0.7825999855995178,
            0.7889000177383423,
            0.7903000116348267,
            0.7942000031471252,
            0.7947999835014343
        ],
        "average_train_time": [
            0.015559169545173645,
            0.015595405650138856,
            0.006986962451934814,
            0.006880759434700012,
            0.006942353286743164,
            0.006850965938568115,
            0.006664881792068481,
            0.0070849059820175175,
            0.006817146534919739,
            0.00680408305644989,
            0.00705262758731842,
            0.006692761240005493,
            0.0063572200441360475,
            0.006360247192382812,
            0.006345530600547791,
            0.006379595317840576
        ],
        "average_inference_time": [
            0.0023646934270858764,
            0.0019492995738983154,
            0.002433470630645752,
            0.001995699954032898,
            0.002093002700805664,
            0.0019905031204223633,
            0.002014005708694458,
            0.0020134541511535645,
            0.002020500040054321,
            0.002083753800392151,
            0.002104400110244751,
            0.0018672003746032714,
            0.0018615998744964599,
            0.001857568097114563,
            0.001864341902732849,
            0.0018639000654220581
        ],
        "compile_time": 0.1120002269744873,
        "build_time": 19.047000885009766,
        "save_time": 1.5973784923553467,
        "mutation_info": {
            "parent": "",
            "cell_index": 0,
            "group_index": 0,
            "item_index": 0,
            "mutation_type": 0,
            "mutation_subtype": 0
        },
        "flops": 0
    },
    "parent_model_name": ""
}