{
    "embedding": [
        7,
        0,
        6,
        1,
        6,
        0,
        8,
        2,
        1,
        0,
        5,
        3,
        7,
        0,
        5,
        4,
        6,
        2,
        4,
        0,
        6,
        0,
        7,
        1,
        0,
        2,
        3,
        2,
        4,
        2,
        0,
        0,
        7,
        0,
        2,
        0,
        6,
        2,
        0,
        5
    ],
    "hyperparameters": {
        "CELL_STACKS": [
            6,
            1
        ],
        "CELL_STRIDES": [
            1,
            2
        ],
        "CELL_INDEX_FOR_REDUCTION": 1,
        "GROUPS_PER_CELL": 5,
        "OPS_PER_GROUP": 2,
        "CELL_LAYERS": 3,
        "TARGET_FILTER_DIMS": 32,
        "REDUCTION_EXPANSION_FACTOR": 2,
        "REDUCTION_EXPANSION_BEFORE": false,
        "REDUCE_CURRENT": false,
        "PASS_RESIDUAL": true,
        "CONCATENATE_ALL": false,
        "TRAIN_EPOCHS": 1,
        "TRAIN_ITERATIONS": 16,
        "MAXIMUM_LEARNING_RATE": 0.025,
        "MINIMUM_LEARNING_RATE": 0.001,
        "USE_SGDR": true,
        "BATCH_SIZE": 16,
        "SGDR_EPOCHS_PER_RESTART": 16,
        "SGDR_LR_DECAY": 0.8,
        "SGDR_PERIOD_DECAY": 2,
        "DROP_PATH_CHANCE": 0.6,
        "DROP_PATH_TOTAL_STEPS_MULTI": 1,
        "IDENTITY_THRESHOLD": 0.0
    },
    "model_name": "evo_1595254194.5879061",
    "metrics": {
        "accuracy": [
            0.4284000098705292,
            0.5015000104904175,
            0.5235999822616577,
            0.5802000164985657,
            0.5726000070571899,
            0.6484000086784363,
            0.6797000169754028,
            0.6941999793052673,
            0.7114999890327454,
            0.7152000069618225,
            0.7303000092506409,
            0.7584999799728394,
            0.7620000243186951,
            0.765999972820282,
            0.7634000182151794,
            0.7745000123977661
        ],
        "average_train_time": [
            0.014845088424682617,
            0.013851494975090027,
            0.013868681292533875,
            0.015903320631980897,
            0.014854405870437622,
            0.01546436927318573,
            0.01413890600681305,
            0.014123914656639099,
            0.01570593358516693,
            0.016015269684791566,
            0.01548242103099823,
            0.01593664231300354,
            0.015353745317459106,
            0.014656552495956422,
            0.014635579104423523,
            0.014550004177093507
        ],
        "average_inference_time": [
            0.0026871005296707153,
            0.0020659172296524047,
            0.0020586004972457887,
            0.002307280659675598,
            0.0022025493860244752,
            0.0021420660972595214,
            0.002062602877616882,
            0.002190413546562195,
            0.002320920634269714,
            0.0022050194263458253,
            0.002246684432029724,
            0.002169700050354004,
            0.0021809221267700195,
            0.0022051634073257447,
            0.0021958026885986327,
            0.002157357621192932
        ],
        "compile_time": 0.11100053787231445,
        "build_time": 17.770995616912842,
        "save_time": 2.7328946590423584,
        "mutation_info": {
            "parent": "",
            "cell_index": 0,
            "group_index": 0,
            "item_index": 0,
            "mutation_type": 0,
            "mutation_subtype": 0
        },
        "flops": 0
    },
    "parent_model_name": ""
}