{
    "embedding": [
        3,
        0,
        8,
        1,
        2,
        2,
        4,
        0,
        6,
        0,
        6,
        1,
        1,
        3,
        3,
        3,
        4,
        4,
        2,
        5,
        0,
        0,
        6,
        1,
        4,
        0,
        8,
        1,
        0,
        0,
        3,
        1,
        1,
        3,
        1,
        1,
        6,
        3,
        8,
        4
    ],
    "hyperparameters": {
        "CELL_STACKS": [
            6,
            1
        ],
        "CELL_STRIDES": [
            1,
            2
        ],
        "CELL_INDEX_FOR_REDUCTION": 1,
        "GROUPS_PER_CELL": 5,
        "OPS_PER_GROUP": 2,
        "CELL_LAYERS": 3,
        "TARGET_FILTER_DIMS": 32,
        "REDUCTION_EXPANSION_FACTOR": 2,
        "REDUCTION_EXPANSION_BEFORE": false,
        "REDUCE_CURRENT": false,
        "PASS_RESIDUAL": true,
        "CONCATENATE_ALL": false,
        "TRAIN_EPOCHS": 1,
        "TRAIN_ITERATIONS": 32,
        "MAXIMUM_LEARNING_RATE": 0.025,
        "MINIMUM_LEARNING_RATE": 0.001,
        "USE_SGDR": true,
        "BATCH_SIZE": 16,
        "SGDR_EPOCHS_PER_RESTART": 32,
        "SGDR_LR_DECAY": 0.8,
        "SGDR_PERIOD_DECAY": 2,
        "DROP_PATH_CHANCE": 0.6,
        "DROP_PATH_TOTAL_STEPS_MULTI": 1,
        "IDENTITY_THRESHOLD": 0.0
    },
    "model_name": "evo_1594416344.0718086",
    "metrics": {
        "accuracy": [
            0.17790000140666962,
            0.14409999549388885,
            0.28439998626708984,
            0.2653999924659729,
            0.2425999939441681,
            0.3167000114917755,
            0.2874000072479248,
            0.31679999828338623,
            0.32199999690055847,
            0.31150001287460327,
            0.3359000086784363,
            0.3231000006198883,
            0.3644999861717224,
            0.37610000371932983,
            0.3628000020980835,
            0.398499995470047,
            0.3601999878883362,
            0.31709998846054077,
            0.34220001101493835,
            0.3720000088214874,
            0.3806000053882599,
            0.41600000858306885,
            0.420199990272522,
            0.32710000872612,
            0.436599999666214,
            0.4185999929904938,
            0.42660000920295715,
            0.36910000443458557,
            0.42640000581741333,
            0.4390999972820282,
            0.45010000467300415,
            0.4510999917984009
        ],
        "average_train_time": [
            0.016320138711929322,
            0.013972954020500182,
            0.013604359936714173,
            0.013700479969978332,
            0.01348239827632904,
            0.013570539889335632,
            0.013491996908187866,
            0.013644060025215149,
            0.013520111017227172,
            0.01357461224079132,
            0.01356843096256256,
            0.013518453583717347,
            0.015082510828971862,
            0.016484086709022523,
            0.01583717921257019,
            0.015162260384559631,
            0.007863525443077087,
            0.007310581045150756,
            0.0073294463348388674,
            0.00717867048740387,
            0.008435730690956116,
            0.00803479402065277,
            0.008512239966392518,
            0.0082050736951828,
            0.007485000386238098,
            0.007517038917541504,
            0.007894772415161132,
            0.007639956259727478,
            0.007642492151260376,
            0.00718090443611145,
            0.010574654216766358,
            0.007816687688827515
        ],
        "average_inference_time": [
            0.002083557987213135,
            0.0016905000686645508,
            0.001676700234413147,
            0.001669900393486023,
            0.0016644004344940186,
            0.0016645001888275146,
            0.0016718000888824463,
            0.001673143482208252,
            0.0016666998863220214,
            0.0016628527402877808,
            0.0016773001670837401,
            0.0016788412809371949,
            0.0017347506999969482,
            0.001954378938674927,
            0.001797326922416687,
            0.001738905954360962,
            0.002308258652687073,
            0.001794000220298767,
            0.0017939961671829224,
            0.002035200023651123,
            0.0020072001695632933,
            0.0019912001609802246,
            0.0020067001819610597,
            0.0018360854148864747,
            0.0018681925296783447,
            0.0019002505779266358,
            0.0020699997663497925,
            0.0021484547853469847,
            0.0018354544639587402,
            0.0018178103923797608,
            0.0017890203952789306,
            0.0018312001943588258
        ],
        "compile_time": 0.11599922180175781,
        "build_time": 17.924227714538574,
        "save_time": 3.5743653774261475,
        "mutation_info": {
            "parent": "",
            "cell_index": 0,
            "group_index": 0,
            "item_index": 0,
            "mutation_type": 0,
            "mutation_subtype": 0
        },
        "flops": 0
    },
    "parent_model_name": ""
}