{
    "embedding": [
        8,
        0,
        5,
        1,
        2,
        2,
        1,
        0,
        2,
        1,
        3,
        0,
        5,
        0,
        2,
        3,
        5,
        3,
        8,
        0,
        2,
        0,
        6,
        1,
        2,
        0,
        1,
        2,
        7,
        2,
        0,
        0,
        6,
        3,
        8,
        1,
        5,
        1,
        5,
        3
    ],
    "hyperparameters": {
        "CELL_STACKS": [
            3,
            1
        ],
        "CELL_STRIDES": [
            1,
            2
        ],
        "CELL_INDEX_FOR_REDUCTION": 1,
        "GROUPS_PER_CELL": 5,
        "OPS_PER_GROUP": 2,
        "CELL_LAYERS": 3,
        "TARGET_FILTER_DIMS": 24,
        "REDUCTION_EXPANSION_FACTOR": 2,
        "REDUCTION_EXPANSION_BEFORE": false,
        "REDUCE_CURRENT": false,
        "PASS_RESIDUAL": true,
        "CONCATENATE_ALL": false,
        "TRAIN_EPOCHS": 1,
        "TRAIN_ITERATIONS": 16,
        "MAXIMUM_LEARNING_RATE": 0.025,
        "MINIMUM_LEARNING_RATE": 0.001,
        "USE_SGDR": true,
        "BATCH_SIZE": 16,
        "SGDR_EPOCHS_PER_RESTART": 16,
        "SGDR_LR_DECAY": 0.8,
        "SGDR_PERIOD_DECAY": 2,
        "DROP_PATH_CHANCE": 0.6,
        "DROP_PATH_TOTAL_STEPS_MULTI": 1,
        "IDENTITY_THRESHOLD": 0.0
    },
    "model_name": "evo_1595450918.846632",
    "metrics": {
        "accuracy": [
            0.5066999793052673,
            0.6676999926567078,
            0.7045000195503235,
            0.7576000094413757,
            0.7796000242233276,
            0.8037999868392944,
            0.8034999966621399,
            0.8373000025749207,
            0.8179000020027161,
            0.839900016784668,
            0.8481000065803528,
            0.8529000282287598,
            0.8568999767303467,
            0.8551999926567078,
            0.8583999872207642,
            0.8587999939918518
        ],
        "average_train_time": [
            0.01024238434791565,
            0.006062878174781799,
            0.005407603640556336,
            0.005424720549583435,
            0.005363710289001465,
            0.005342488198280334,
            0.005341926255226136,
            0.0053083702898025515,
            0.00531177628993988,
            0.005344410734176636,
            0.005335099487304687,
            0.005323192090988159,
            0.005328676090240478,
            0.00532281023979187,
            0.005326729888916016,
            0.005348321042060852
        ],
        "average_inference_time": [
            0.0015885998487472535,
            0.0017881598711013795,
            0.0013220999956130982,
            0.001312100100517273,
            0.0012902996063232422,
            0.0012897006034851073,
            0.0013031997680664062,
            0.0012813004970550538,
            0.001293754005432129,
            0.0013137000560760497,
            0.0012862004280090333,
            0.0012875004291534424,
            0.0012846002340316772,
            0.0013016005992889405,
            0.0012906999588012695,
            0.0012907003879547119
        ],
        "compile_time": 0.08499956130981445,
        "build_time": 15.792001008987427,
        "save_time": 2.1470000743865967,
        "mutation_info": {
            "parent": "",
            "cell_index": 0,
            "group_index": 0,
            "item_index": 0,
            "mutation_type": 0,
            "mutation_subtype": 0
        },
        "flops": 0
    },
    "parent_model_name": ""
}