{
    "embedding": [
        3,
        0,
        3,
        1,
        3,
        0,
        8,
        0,
        7,
        0,
        4,
        3,
        5,
        1,
        0,
        1,
        0,
        0,
        2,
        2,
        1,
        0,
        2,
        1,
        1,
        0,
        5,
        0,
        3,
        3,
        1,
        3,
        8,
        3,
        0,
        2,
        2,
        4,
        5,
        1
    ],
    "hyperparameters": {
        "CELL_STACKS": [
            3,
            1
        ],
        "CELL_STRIDES": [
            1,
            2
        ],
        "CELL_INDEX_FOR_REDUCTION": 1,
        "GROUPS_PER_CELL": 5,
        "OPS_PER_GROUP": 2,
        "CELL_LAYERS": 3,
        "TARGET_FILTER_DIMS": 24,
        "REDUCTION_EXPANSION_FACTOR": 2,
        "REDUCTION_EXPANSION_BEFORE": false,
        "REDUCE_CURRENT": false,
        "PASS_RESIDUAL": true,
        "CONCATENATE_ALL": false,
        "TRAIN_EPOCHS": 1,
        "TRAIN_ITERATIONS": 32,
        "MAXIMUM_LEARNING_RATE": 0.025,
        "MINIMUM_LEARNING_RATE": 0.001,
        "USE_SGDR": true,
        "BATCH_SIZE": 16,
        "SGDR_EPOCHS_PER_RESTART": 32,
        "SGDR_LR_DECAY": 0.8,
        "SGDR_PERIOD_DECAY": 2,
        "DROP_PATH_CHANCE": 0.6,
        "DROP_PATH_TOTAL_STEPS_MULTI": 1,
        "IDENTITY_THRESHOLD": 0.0
    },
    "model_name": "evo_1593845816.5033746",
    "metrics": {
        "accuracy": [
            0.5670999884605408,
            0.6326000094413757,
            0.707099974155426,
            0.7588000297546387,
            0.769599974155426,
            0.7907000184059143,
            0.8046000003814697,
            0.8163999915122986,
            0.829800009727478,
            0.8220999836921692,
            0.8346999883651733,
            0.8220000267028809,
            0.8367000222206116,
            0.8396000266075134,
            0.833299994468689,
            0.8533999919891357,
            0.8453999757766724,
            0.8446999788284302,
            0.8503000140190125,
            0.859499990940094,
            0.8590999841690063,
            0.857699990272522,
            0.864300012588501,
            0.8618999719619751,
            0.8644000291824341,
            0.8668000102043152,
            0.8689000010490417,
            0.8676000237464905,
            0.868399977684021,
            0.8697999715805054,
            0.871999979019165,
            0.8697999715805054
        ],
        "average_train_time": [
            0.010056946568489074,
            0.009477171812057495,
            0.009470090804100037,
            0.009530925445556641,
            0.009522948398590088,
            0.009556449966430665,
            0.009491224341392518,
            0.009599835686683655,
            0.009486779522895812,
            0.009543100509643555,
            0.009579217824935912,
            0.009522940425872803,
            0.009533959908485412,
            0.009498280057907104,
            0.009523416810035705,
            0.009428545455932618,
            0.009539107661247253,
            0.00954188247203827,
            0.009480162034034728,
            0.009530620126724244,
            0.009501540408134461,
            0.00953463050365448,
            0.009463749771118165,
            0.009548019986152649,
            0.009544159998893739,
            0.009558010091781616,
            0.009469899077415467,
            0.009507379851341247,
            0.009480360960960388,
            0.009554671120643616,
            0.009477645382881164,
            0.009447000041007996
        ],
        "average_inference_time": [
            0.0016012680053710939,
            0.0013350998878479004,
            0.0013385000467300416,
            0.0013368005514144898,
            0.0013347004413604736,
            0.00135319983959198,
            0.001328499960899353,
            0.00134388530254364,
            0.0013279001951217652,
            0.0013422556400299072,
            0.0013266000986099243,
            0.0013326653242111206,
            0.0013444000482559205,
            0.0013272999763488768,
            0.0013273003578186035,
            0.0013284002542495728,
            0.0013452001333236693,
            0.0013250788927078247,
            0.0013305675268173217,
            0.0013426002979278564,
            0.0013320032119750976,
            0.0013306004762649536,
            0.0013344048738479614,
            0.0013466999530792236,
            0.0013278000116348266,
            0.0013303998708724975,
            0.00134150013923645,
            0.0013278999328613281,
            0.0013450002908706666,
            0.0013319035530090333,
            0.0013438708543777465,
            0.0013373494386672974
        ],
        "compile_time": 0.07599878311157227,
        "build_time": 12.692001819610596,
        "save_time": 1.2432520389556885,
        "mutation_info": {
            "parent": "",
            "cell_index": 0,
            "group_index": 0,
            "item_index": 0,
            "mutation_type": 0,
            "mutation_subtype": 0
        },
        "flops": 0
    },
    "parent_model_name": ""
}