{
    "embedding": [
        8,
        0,
        5,
        1,
        2,
        2,
        1,
        0,
        2,
        1,
        3,
        0,
        5,
        0,
        2,
        3,
        5,
        3,
        8,
        0,
        2,
        0,
        6,
        1,
        2,
        0,
        1,
        2,
        7,
        2,
        0,
        0,
        6,
        3,
        8,
        1,
        5,
        1,
        5,
        3
    ],
    "hyperparameters": {
        "CELL_STACKS": [
            6,
            1
        ],
        "CELL_STRIDES": [
            1,
            2
        ],
        "CELL_INDEX_FOR_REDUCTION": 1,
        "GROUPS_PER_CELL": 5,
        "OPS_PER_GROUP": 2,
        "CELL_LAYERS": 3,
        "TARGET_FILTER_DIMS": 32,
        "REDUCTION_EXPANSION_FACTOR": 2,
        "REDUCTION_EXPANSION_BEFORE": false,
        "REDUCE_CURRENT": false,
        "PASS_RESIDUAL": true,
        "CONCATENATE_ALL": false,
        "TRAIN_EPOCHS": 1,
        "TRAIN_ITERATIONS": 16,
        "MAXIMUM_LEARNING_RATE": 0.025,
        "MINIMUM_LEARNING_RATE": 0.001,
        "USE_SGDR": true,
        "BATCH_SIZE": 16,
        "SGDR_EPOCHS_PER_RESTART": 16,
        "SGDR_LR_DECAY": 0.8,
        "SGDR_PERIOD_DECAY": 2,
        "DROP_PATH_CHANCE": 0.6,
        "DROP_PATH_TOTAL_STEPS_MULTI": 1,
        "IDENTITY_THRESHOLD": 0.0
    },
    "model_name": "evo_1595227601.544001",
    "metrics": {
        "accuracy": [
            0.4108000099658966,
            0.5088000297546387,
            0.6557000279426575,
            0.6733999848365784,
            0.7487999796867371,
            0.7821000218391418,
            0.7967000007629395,
            0.8082000017166138,
            0.8166000247001648,
            0.8357999920845032,
            0.8420000076293945,
            0.8463000059127808,
            0.8518000245094299,
            0.8508999943733215,
            0.8550999760627747,
            0.85589998960495
        ],
        "average_train_time": [
            0.020028466238975525,
            0.019024092388153075,
            0.018915202012062073,
            0.01891586310863495,
            0.018975928173065187,
            0.019012621855735778,
            0.018931068296432495,
            0.01899016713142395,
            0.018973631229400635,
            0.018962267208099366,
            0.018965729336738586,
            0.018985280995368958,
            0.01899818657875061,
            0.01897859832763672,
            0.018991306014060974,
            0.019035610280036926
        ],
        "average_inference_time": [
            0.003295048260688782,
            0.002890023136138916,
            0.002852900433540344,
            0.0028700008630752564,
            0.002885000014305115,
            0.0028556496381759644,
            0.002869200277328491,
            0.00288199987411499,
            0.002874000120162964,
            0.0029003002882003782,
            0.002876000118255615,
            0.002888882398605347,
            0.0028783462285995485,
            0.002859962558746338,
            0.0028433000564575196,
            0.0028618002891540525
        ],
        "compile_time": 0.11800050735473633,
        "build_time": 19.767998695373535,
        "save_time": 3.7445085048675537,
        "mutation_info": {
            "parent": "",
            "cell_index": 0,
            "group_index": 0,
            "item_index": 0,
            "mutation_type": 0,
            "mutation_subtype": 0
        },
        "flops": 0
    },
    "parent_model_name": ""
}