{
    "embedding": [
        4,
        0,
        6,
        1,
        3,
        1,
        5,
        1,
        8,
        1,
        3,
        3,
        5,
        3,
        8,
        2,
        0,
        0,
        7,
        0,
        7,
        0,
        7,
        1,
        4,
        2,
        7,
        2,
        1,
        0,
        8,
        2,
        2,
        2,
        6,
        2,
        0,
        2,
        5,
        3
    ],
    "hyperparameters": {
        "CELL_STACKS": [
            6,
            1
        ],
        "CELL_STRIDES": [
            1,
            2
        ],
        "CELL_INDEX_FOR_REDUCTION": 1,
        "GROUPS_PER_CELL": 5,
        "OPS_PER_GROUP": 2,
        "CELL_LAYERS": 3,
        "TARGET_FILTER_DIMS": 32,
        "REDUCTION_EXPANSION_FACTOR": 2,
        "REDUCTION_EXPANSION_BEFORE": false,
        "REDUCE_CURRENT": false,
        "PASS_RESIDUAL": true,
        "CONCATENATE_ALL": false,
        "TRAIN_EPOCHS": 1,
        "TRAIN_ITERATIONS": 32,
        "MAXIMUM_LEARNING_RATE": 0.025,
        "MINIMUM_LEARNING_RATE": 0.001,
        "USE_SGDR": true,
        "BATCH_SIZE": 16,
        "SGDR_EPOCHS_PER_RESTART": 32,
        "SGDR_LR_DECAY": 0.8,
        "SGDR_PERIOD_DECAY": 2,
        "DROP_PATH_CHANCE": 0.6,
        "DROP_PATH_TOTAL_STEPS_MULTI": 1,
        "IDENTITY_THRESHOLD": 0.0
    },
    "model_name": "evo_1593934404.596804",
    "metrics": {
        "accuracy": [
            0.5169000029563904,
            0.6412000060081482,
            0.6998000144958496,
            0.7350000143051147,
            0.7944999933242798,
            0.8011999726295471,
            0.8027999997138977,
            0.8240000009536743,
            0.8270999789237976,
            0.8373000025749207,
            0.8447999954223633,
            0.8471999764442444,
            0.8388000130653381,
            0.8435999751091003,
            0.847599983215332,
            0.8575000166893005,
            0.8553000092506409,
            0.8604999780654907,
            0.8615000247955322,
            0.8693000078201294,
            0.867900013923645,
            0.8709999918937683,
            0.8715000152587891,
            0.8736000061035156,
            0.8770999908447266,
            0.8766999840736389,
            0.8772000074386597,
            0.8784999847412109,
            0.8797000050544739,
            0.8783000111579895,
            0.8794999718666077,
            0.8805000185966492
        ],
        "average_train_time": [
            0.01915313063621521,
            0.018033628358840943,
            0.01803917084693909,
            0.018039842538833617,
            0.018032709827423096,
            0.018048230509757995,
            0.018062482113838197,
            0.018057535266876222,
            0.018191517424583435,
            0.018038414578437804,
            0.018036070623397828,
            0.01820036869049072,
            0.018050188117027282,
            0.01803674795150757,
            0.018048808403015138,
            0.018058969917297364,
            0.018187645020484925,
            0.018053408665657043,
            0.018056406545639038,
            0.018053650588989258,
            0.01806213728427887,
            0.018041289753913878,
            0.01807818744659424,
            0.018065936398506163,
            0.018090869140625,
            0.018034549622535704,
            0.018072518153190612,
            0.018053621044158936,
            0.018063490166664125,
            0.018057728304862977,
            0.018053130373954774,
            0.018055242290496827
        ],
        "average_inference_time": [
            0.0035168933629989626,
            0.0030765369653701783,
            0.003093892979621887,
            0.0030950640201568604,
            0.0030874416828155517,
            0.00309555401802063,
            0.0030788999557495116,
            0.0030914005041122435,
            0.0030830000162124635,
            0.003098699998855591,
            0.003082099962234497,
            0.003095199966430664,
            0.003095500135421753,
            0.0030990997552871706,
            0.003093298077583313,
            0.0030853000164031983,
            0.0031010999441146853,
            0.003104499983787537,
            0.003086297392845154,
            0.003091869354248047,
            0.0030910609245300294,
            0.0030785038232803343,
            0.0030835458517074585,
            0.0030954900503158567,
            0.0030870999574661253,
            0.0030972491264343264,
            0.0031070006370544434,
            0.003102299952507019,
            0.0030878022193908694,
            0.003105899977684021,
            0.003089195513725281,
            0.0031032002210617067
        ],
        "compile_time": 0.11400032043457031,
        "build_time": 17.55197763442993,
        "save_time": 2.8994252681732178,
        "mutation_info": {
            "parent": "",
            "cell_index": 0,
            "group_index": 0,
            "item_index": 0,
            "mutation_type": 0,
            "mutation_subtype": 0
        },
        "flops": 0
    },
    "parent_model_name": ""
}