{
    "embedding": [
        6,
        0,
        6,
        1,
        4,
        2,
        5,
        0,
        2,
        3,
        0,
        1,
        6,
        0,
        7,
        4,
        0,
        1,
        4,
        3,
        8,
        0,
        7,
        1,
        2,
        1,
        8,
        2,
        5,
        3,
        7,
        3,
        5,
        1,
        0,
        4,
        8,
        2,
        4,
        0
    ],
    "hyperparameters": {
        "CELL_STACKS": [
            6,
            1
        ],
        "CELL_STRIDES": [
            1,
            2
        ],
        "CELL_INDEX_FOR_REDUCTION": 1,
        "GROUPS_PER_CELL": 5,
        "OPS_PER_GROUP": 2,
        "CELL_LAYERS": 3,
        "TARGET_FILTER_DIMS": 32,
        "REDUCTION_EXPANSION_FACTOR": 2,
        "REDUCTION_EXPANSION_BEFORE": false,
        "REDUCE_CURRENT": false,
        "PASS_RESIDUAL": true,
        "CONCATENATE_ALL": false,
        "TRAIN_EPOCHS": 1,
        "TRAIN_ITERATIONS": 32,
        "MAXIMUM_LEARNING_RATE": 0.025,
        "MINIMUM_LEARNING_RATE": 0.001,
        "USE_SGDR": true,
        "BATCH_SIZE": 16,
        "SGDR_EPOCHS_PER_RESTART": 32,
        "SGDR_LR_DECAY": 0.8,
        "SGDR_PERIOD_DECAY": 2,
        "DROP_PATH_CHANCE": 0.6,
        "DROP_PATH_TOTAL_STEPS_MULTI": 1,
        "IDENTITY_THRESHOLD": 0.0
    },
    "model_name": "evo_1594208385.1502469",
    "metrics": {
        "accuracy": [
            0.44269999861717224,
            0.5327000021934509,
            0.5647000074386597,
            0.6366999745368958,
            0.6682000160217285,
            0.7023000121116638,
            0.7184000015258789,
            0.7267000079154968,
            0.733299970626831,
            0.7645000219345093,
            0.772599995136261,
            0.7635999917984009,
            0.7864000201225281,
            0.7978000044822693,
            0.7936000227928162,
            0.8026999831199646,
            0.8048999905586243,
            0.8104000091552734,
            0.8137999773025513,
            0.8130000233650208,
            0.8230000138282776,
            0.8199999928474426,
            0.8306999802589417,
            0.8313999772071838,
            0.8346999883651733,
            0.8353999853134155,
            0.8330000042915344,
            0.8366000056266785,
            0.8357999920845032,
            0.8378999829292297,
            0.8384000062942505,
            0.8384000062942505
        ],
        "average_train_time": [
            0.01382749834060669,
            0.012765640029907226,
            0.012735826191902161,
            0.012755467891693115,
            0.012734799995422364,
            0.01274707227230072,
            0.012730402874946594,
            0.012745400009155274,
            0.01274664008140564,
            0.012745499992370606,
            0.012707715301513671,
            0.012841140022277832,
            0.012751860036849975,
            0.012726445989608764,
            0.01273784857749939,
            0.01273578001499176,
            0.012740056295394897,
            0.012715662508010865,
            0.012729903573989869,
            0.012739642748832703,
            0.0127482306098938,
            0.012722800035476685,
            0.01270200273990631,
            0.0067492303323745725,
            0.006396130261421204,
            0.00665268259048462,
            0.006690559668540955,
            0.006837840938568115,
            0.006871282458305359,
            0.006784048337936401,
            0.0064456800556182865,
            0.0068245297193527225
        ],
        "average_inference_time": [
            0.002192300033569336,
            0.0018323001623153686,
            0.0018254997730255127,
            0.001819689440727234,
            0.001828397250175476,
            0.0018228996753692627,
            0.0018192999124526977,
            0.0018350001096725465,
            0.0018236001253128051,
            0.0018243000745773316,
            0.001831600284576416,
            0.0018234998941421509,
            0.0018248004198074342,
            0.0018282997846603393,
            0.0018255996465682983,
            0.0018287497997283935,
            0.001828910231590271,
            0.001823084807395935,
            0.001822900390625,
            0.0018394192457199096,
            0.0018252001047134399,
            0.001820200252532959,
            0.0018223002910614013,
            0.002409400224685669,
            0.001858400011062622,
            0.0019634161949157714,
            0.0019640028953552247,
            0.0020493514537811277,
            0.0020537123203277587,
            0.002002657198905945,
            0.0019112000703811645,
            0.0019733094453811646
        ],
        "compile_time": 0.10500073432922363,
        "build_time": 16.941996812820435,
        "save_time": 1.5871143341064453,
        "mutation_info": {
            "parent": "",
            "cell_index": 0,
            "group_index": 0,
            "item_index": 0,
            "mutation_type": 0,
            "mutation_subtype": 0
        },
        "flops": 0
    },
    "parent_model_name": ""
}