{
    "embedding": [
        1,
        0,
        8,
        1,
        7,
        1,
        4,
        1,
        8,
        2,
        6,
        1,
        6,
        3,
        5,
        1,
        7,
        1,
        8,
        0,
        4,
        0,
        5,
        1,
        8,
        2,
        5,
        1,
        7,
        3,
        1,
        3,
        0,
        3,
        3,
        1,
        0,
        1,
        8,
        5
    ],
    "hyperparameters": {
        "CELL_STACKS": [
            6,
            1
        ],
        "CELL_STRIDES": [
            1,
            2
        ],
        "CELL_INDEX_FOR_REDUCTION": 1,
        "GROUPS_PER_CELL": 5,
        "OPS_PER_GROUP": 2,
        "CELL_LAYERS": 3,
        "TARGET_FILTER_DIMS": 32,
        "REDUCTION_EXPANSION_FACTOR": 2,
        "REDUCTION_EXPANSION_BEFORE": false,
        "REDUCE_CURRENT": false,
        "PASS_RESIDUAL": true,
        "CONCATENATE_ALL": false,
        "TRAIN_EPOCHS": 1,
        "TRAIN_ITERATIONS": 16,
        "MAXIMUM_LEARNING_RATE": 0.025,
        "MINIMUM_LEARNING_RATE": 0.001,
        "USE_SGDR": true,
        "BATCH_SIZE": 16,
        "SGDR_EPOCHS_PER_RESTART": 16,
        "SGDR_LR_DECAY": 0.8,
        "SGDR_PERIOD_DECAY": 2,
        "DROP_PATH_CHANCE": 0.6,
        "DROP_PATH_TOTAL_STEPS_MULTI": 1,
        "IDENTITY_THRESHOLD": 0.0
    },
    "model_name": "evo_1595343498.004235",
    "metrics": {
        "accuracy": [
            0.5242999792098999,
            0.6460000276565552,
            0.7035999894142151,
            0.729200005531311,
            0.7684999704360962,
            0.7990000247955322,
            0.8097000122070312,
            0.8167999982833862,
            0.838100016117096,
            0.8471999764442444,
            0.8495000004768372,
            0.8508999943733215,
            0.8557000160217285,
            0.858299970626831,
            0.8607000112533569,
            0.861299991607666
        ],
        "average_train_time": [
            0.01947019944190979,
            0.017958834981918335,
            0.01794393518447876,
            0.018564928774833678,
            0.017636010246276857,
            0.018172900748252868,
            0.017933918590545654,
            0.017861761355400085,
            0.017780079250335694,
            0.0172858430147171,
            0.017216588253974915,
            0.01737591639995575,
            0.017916030817031862,
            0.01778874466896057,
            0.01889464647769928,
            0.018401748814582824
        ],
        "average_inference_time": [
            0.00373562958240509,
            0.003048754191398621,
            0.003052822232246399,
            0.002968522834777832,
            0.002969100069999695,
            0.002953261971473694,
            0.0029790938854217528,
            0.0030413310289382936,
            0.0029270545482635497,
            0.00290802161693573,
            0.0029371448040008546,
            0.002966072607040405,
            0.0030012264013290404,
            0.00297947735786438,
            0.0032232239961624146,
            0.002965886855125427
        ],
        "compile_time": 0.12299871444702148,
        "build_time": 24.126710891723633,
        "save_time": 3.9161136150360107,
        "mutation_info": {
            "parent": "",
            "cell_index": 0,
            "group_index": 0,
            "item_index": 0,
            "mutation_type": 0,
            "mutation_subtype": 0
        },
        "flops": 0
    },
    "parent_model_name": ""
}