{
    "embedding": [
        7,
        0,
        2,
        1,
        5,
        1,
        7,
        2,
        6,
        3,
        8,
        3,
        0,
        4,
        2,
        2,
        1,
        0,
        5,
        2,
        3,
        0,
        8,
        1,
        2,
        2,
        5,
        1,
        4,
        3,
        2,
        1,
        2,
        2,
        4,
        2,
        4,
        1,
        6,
        2
    ],
    "hyperparameters": {
        "CELL_STACKS": [
            3,
            1
        ],
        "CELL_STRIDES": [
            1,
            2
        ],
        "CELL_INDEX_FOR_REDUCTION": 1,
        "GROUPS_PER_CELL": 5,
        "OPS_PER_GROUP": 2,
        "CELL_LAYERS": 3,
        "TARGET_FILTER_DIMS": 24,
        "REDUCTION_EXPANSION_FACTOR": 2,
        "REDUCTION_EXPANSION_BEFORE": false,
        "REDUCE_CURRENT": false,
        "PASS_RESIDUAL": true,
        "CONCATENATE_ALL": false,
        "TRAIN_EPOCHS": 1,
        "TRAIN_ITERATIONS": 16,
        "MAXIMUM_LEARNING_RATE": 0.025,
        "MINIMUM_LEARNING_RATE": 0.001,
        "USE_SGDR": true,
        "BATCH_SIZE": 16,
        "SGDR_EPOCHS_PER_RESTART": 16,
        "SGDR_LR_DECAY": 0.8,
        "SGDR_PERIOD_DECAY": 2,
        "DROP_PATH_CHANCE": 0.6,
        "DROP_PATH_TOTAL_STEPS_MULTI": 1,
        "IDENTITY_THRESHOLD": 0.0
    },
    "model_name": "evo_1596154132.2743733",
    "metrics": {
        "accuracy": [
            0.4796000123023987,
            0.5285999774932861,
            0.6194999814033508,
            0.654699981212616,
            0.6682000160217285,
            0.6552000045776367,
            0.7350999712944031,
            0.7423999905586243,
            0.7501000165939331,
            0.7876999974250793,
            0.7850000262260437,
            0.7958999872207642,
            0.802299976348877,
            0.8112999796867371,
            0.8165000081062317,
            0.8176000118255615
        ],
        "average_train_time": [
            0.008751805248260499,
            0.008286276059150695,
            0.009107659387588502,
            0.008335380673408508,
            0.008173741855621338,
            0.007671531300544739,
            0.007955751204490661,
            0.008393408803939819,
            0.008836728310585022,
            0.00842051335811615,
            0.00799617913722992,
            0.008355405583381654,
            0.008407518014907836,
            0.017644844031333925,
            0.0037939116477966306,
            0.0036848365259170533
        ],
        "average_inference_time": [
            0.0013618999242782594,
            0.0012098098039627074,
            0.001296501898765564,
            0.0010000006437301636,
            0.001006499981880188,
            0.0010146003007888793,
            0.0011630756616592408,
            0.001053551721572876,
            0.0010429654598236083,
            0.0010054000854492187,
            0.0010670546293258666,
            0.0009984001398086549,
            0.0010411998987197876,
            0.0025393122911453246,
            0.0012967000484466553,
            0.00122125084400177
        ],
        "compile_time": 0.0840001106262207,
        "build_time": 12.38699722290039,
        "save_time": 1.6995148658752441,
        "mutation_info": {
            "parent": "",
            "cell_index": 0,
            "group_index": 0,
            "item_index": 0,
            "mutation_type": 0,
            "mutation_subtype": 0
        },
        "flops": 0
    },
    "parent_model_name": ""
}