{
    "embedding": [
        4,
        0,
        6,
        1,
        3,
        1,
        5,
        1,
        8,
        1,
        3,
        3,
        5,
        3,
        8,
        2,
        0,
        0,
        7,
        0,
        7,
        0,
        7,
        1,
        4,
        2,
        7,
        2,
        1,
        0,
        8,
        2,
        2,
        2,
        6,
        2,
        0,
        2,
        5,
        3
    ],
    "hyperparameters": {
        "CELL_STACKS": [
            3,
            1
        ],
        "CELL_STRIDES": [
            1,
            2
        ],
        "CELL_INDEX_FOR_REDUCTION": 1,
        "GROUPS_PER_CELL": 5,
        "OPS_PER_GROUP": 2,
        "CELL_LAYERS": 3,
        "TARGET_FILTER_DIMS": 24,
        "REDUCTION_EXPANSION_FACTOR": 2,
        "REDUCTION_EXPANSION_BEFORE": false,
        "REDUCE_CURRENT": false,
        "PASS_RESIDUAL": true,
        "CONCATENATE_ALL": false,
        "TRAIN_EPOCHS": 1,
        "TRAIN_ITERATIONS": 16,
        "MAXIMUM_LEARNING_RATE": 0.025,
        "MINIMUM_LEARNING_RATE": 0.001,
        "USE_SGDR": true,
        "BATCH_SIZE": 16,
        "SGDR_EPOCHS_PER_RESTART": 16,
        "SGDR_LR_DECAY": 0.8,
        "SGDR_PERIOD_DECAY": 2,
        "DROP_PATH_CHANCE": 0.6,
        "DROP_PATH_TOTAL_STEPS_MULTI": 1,
        "IDENTITY_THRESHOLD": 0.0
    },
    "model_name": "evo_1595435228.9370828",
    "metrics": {
        "accuracy": [
            0.5842999815940857,
            0.6703000068664551,
            0.7269999980926514,
            0.7443000078201294,
            0.8062999844551086,
            0.8001999855041504,
            0.822700023651123,
            0.8348000049591064,
            0.8393999934196472,
            0.847000002861023,
            0.8532000184059143,
            0.8578000068664551,
            0.8550000190734863,
            0.8589000105857849,
            0.8604000210762024,
            0.8621000051498413
        ],
        "average_train_time": [
            0.010204303407669067,
            0.009954393000602722,
            0.01020838128566742,
            0.011237618746757508,
            0.009440470223426818,
            0.010421995792388917,
            0.009066850252151488,
            0.008966180515289307,
            0.00919368062019348,
            0.005322262592315673,
            0.005763092308044434,
            0.005267471294403076,
            0.005004130592346191,
            0.004967988362312317,
            0.005089481697082519,
            0.005078393173217773
        ],
        "average_inference_time": [
            0.0016132000207901,
            0.0013696250200271607,
            0.003130850911140442,
            0.0013405777454376221,
            0.001355932903289795,
            0.0013406782627105713,
            0.0013368676900863648,
            0.0013215999841690064,
            0.0013245286226272583,
            0.0028086846113204956,
            0.001479089903831482,
            0.0013499574899673461,
            0.0013433999300003052,
            0.0013470999240875244,
            0.0013656057834625244,
            0.0014004001140594483
        ],
        "compile_time": 0.0950005054473877,
        "build_time": 16.834672689437866,
        "save_time": 1.8474349975585938,
        "mutation_info": {
            "parent": "",
            "cell_index": 0,
            "group_index": 0,
            "item_index": 0,
            "mutation_type": 0,
            "mutation_subtype": 0
        },
        "flops": 0
    },
    "parent_model_name": ""
}