{
    "embedding": [
        7,
        0,
        6,
        1,
        6,
        0,
        8,
        2,
        1,
        0,
        5,
        3,
        7,
        0,
        5,
        4,
        6,
        2,
        4,
        0,
        6,
        0,
        7,
        1,
        0,
        2,
        3,
        2,
        4,
        2,
        0,
        0,
        7,
        0,
        2,
        0,
        6,
        2,
        0,
        5
    ],
    "hyperparameters": {
        "CELL_STACKS": [
            5,
            1
        ],
        "CELL_STRIDES": [
            1,
            2
        ],
        "CELL_INDEX_FOR_REDUCTION": 1,
        "GROUPS_PER_CELL": 5,
        "OPS_PER_GROUP": 2,
        "CELL_LAYERS": 3,
        "TARGET_FILTER_DIMS": 32,
        "REDUCTION_EXPANSION_FACTOR": 2,
        "REDUCTION_EXPANSION_BEFORE": false,
        "REDUCE_CURRENT": false,
        "PASS_RESIDUAL": true,
        "CONCATENATE_ALL": false,
        "TRAIN_EPOCHS": 1,
        "TRAIN_ITERATIONS": 16,
        "MAXIMUM_LEARNING_RATE": 0.025,
        "MINIMUM_LEARNING_RATE": 0.001,
        "USE_SGDR": true,
        "BATCH_SIZE": 16,
        "SGDR_EPOCHS_PER_RESTART": 16,
        "SGDR_LR_DECAY": 0.8,
        "SGDR_PERIOD_DECAY": 2,
        "DROP_PATH_CHANCE": 0.6,
        "DROP_PATH_TOTAL_STEPS_MULTI": 1,
        "IDENTITY_THRESHOLD": 0.0
    },
    "model_name": "evo_1594911395.3178747",
    "metrics": {
        "accuracy": [
            0.42089998722076416,
            0.4788999855518341,
            0.5232999920845032,
            0.6169999837875366,
            0.6305999755859375,
            0.6362000107765198,
            0.6402999758720398,
            0.6972000002861023,
            0.7429999709129333,
            0.7534000277519226,
            0.7581999897956848,
            0.7717999815940857,
            0.7803000211715698,
            0.7828999757766724,
            0.7882000207901001,
            0.7907999753952026
        ],
        "average_train_time": [
            0.012496417212486267,
            0.01169304015636444,
            0.01181812150478363,
            0.011777218832969666,
            0.011639309206008912,
            0.011633701677322387,
            0.012851027202606202,
            0.0066873551750183105,
            0.006516720809936523,
            0.00640439284324646,
            0.006381834859848022,
            0.006276219854354858,
            0.0063795813465118405,
            0.006380620946884155,
            0.0062386915302276615,
            0.006175104727745056
        ],
        "average_inference_time": [
            0.0020552999258041382,
            0.0017843698024749756,
            0.0018031642436981202,
            0.0017782005071640015,
            0.0017792447566986084,
            0.001750599956512451,
            0.004229105281829834,
            0.0022799002647399904,
            0.0019009999513626098,
            0.00186805100440979,
            0.0018668052911758424,
            0.00190050048828125,
            0.0018947998523712159,
            0.00190453040599823,
            0.001841300868988037,
            0.001835299801826477
        ],
        "compile_time": 0.09799957275390625,
        "build_time": 14.677999019622803,
        "save_time": 2.606377363204956,
        "mutation_info": {
            "parent": "",
            "cell_index": 0,
            "group_index": 0,
            "item_index": 0,
            "mutation_type": 0,
            "mutation_subtype": 0
        },
        "flops": 0
    },
    "parent_model_name": ""
}