{
    "embedding": [
        8,
        0,
        0,
        1,
        5,
        0,
        2,
        0,
        1,
        1,
        0,
        0,
        1,
        3,
        3,
        0,
        7,
        4,
        0,
        0,
        8,
        6,
        5,
        3,
        2,
        5,
        1,
        0,
        2,
        0,
        1,
        1,
        0,
        0,
        6,
        1,
        4,
        2,
        0,
        1,
        2,
        2,
        6,
        4,
        2,
        0,
        1,
        4,
        7,
        4,
        0,
        0,
        6,
        5,
        8,
        2
    ],
    "hyperparameters": {
        "CELL_STACKS": [
            3,
            1
        ],
        "CELL_STRIDES": [
            1,
            2
        ],
        "CELL_INDEX_FOR_REDUCTION": 1,
        "GROUPS_PER_CELL": 7,
        "OPS_PER_GROUP": 2,
        "CELL_LAYERS": 2,
        "TARGET_FILTER_DIMS": 16,
        "REDUCTION_EXPANSION_FACTOR": 2,
        "REDUCTION_EXPANSION_BEFORE": false,
        "REDUCE_CURRENT": false,
        "PASS_RESIDUAL": true,
        "CONCATENATE_ALL": false,
        "TRAIN_EPOCHS": 1,
        "TRAIN_ITERATIONS": 16,
        "MAXIMUM_LEARNING_RATE": 0.025,
        "MINIMUM_LEARNING_RATE": 0.001,
        "USE_SGDR": true,
        "BATCH_SIZE": 16,
        "SGDR_EPOCHS_PER_RESTART": 16,
        "SGDR_LR_DECAY": 0.8,
        "SGDR_PERIOD_DECAY": 2,
        "DROP_PATH_CHANCE": 0.6,
        "DROP_PATH_TOTAL_STEPS_MULTI": 1,
        "IDENTITY_THRESHOLD": 0.0
    },
    "model_name": "evo_1596188933.5976179",
    "metrics": {
        "accuracy": [
            0.4993000030517578,
            0.5149000287055969,
            0.6610999703407288,
            0.6615999937057495,
            0.7027999758720398,
            0.7502999901771545,
            0.7799000144004822,
            0.7773000001907349,
            0.7888000011444092,
            0.7940999865531921,
            0.8076000213623047,
            0.8210999965667725,
            0.821399986743927,
            0.8255000114440918,
            0.8256000280380249,
            0.8277000188827515
        ],
        "average_train_time": [
            0.007954360065460206,
            0.007367739982604981,
            0.00718575996875763,
            0.00720427008152008,
            0.007380270209312439,
            0.007432511672973633,
            0.007143070302009583,
            0.0072556999731063845,
            0.007372770256996155,
            0.007365800514221191,
            0.007195960450172424,
            0.007271070189476013,
            0.007376996836662293,
            0.007377781553268433,
            0.007184419965744019,
            0.00737761999130249
        ],
        "average_inference_time": [
            0.0011071995735168457,
            0.0008701000213623047,
            0.000880299997329712,
            0.0008784999370574951,
            0.0008741000652313232,
            0.0008902003288269042,
            0.000858522605895996,
            0.0008652000665664673,
            0.0008685997724533081,
            0.0008728001594543457,
            0.000880700159072876,
            0.0008770999431610108,
            0.000890600061416626,
            0.0008708999395370484,
            0.0008803000450134278,
            0.0008741003036499024
        ],
        "compile_time": 0.07399868965148926,
        "build_time": 9.049997568130493,
        "save_time": 1.2100005149841309,
        "mutation_info": {
            "parent": "",
            "cell_index": 0,
            "group_index": 0,
            "item_index": 0,
            "mutation_type": 0,
            "mutation_subtype": 0
        },
        "flops": 0
    },
    "parent_model_name": ""
}