{
    "embedding": [
        0,
        0,
        5,
        1,
        8,
        1,
        0,
        1,
        4,
        2,
        3,
        3,
        3,
        3,
        4,
        0,
        2,
        4,
        3,
        0,
        5,
        0,
        7,
        1,
        8,
        1,
        7,
        0,
        4,
        2,
        8,
        3,
        8,
        4,
        0,
        4,
        8,
        1,
        2,
        2
    ],
    "hyperparameters": {
        "CELL_STACKS": [
            6,
            1
        ],
        "CELL_STRIDES": [
            1,
            2
        ],
        "CELL_INDEX_FOR_REDUCTION": 1,
        "GROUPS_PER_CELL": 5,
        "OPS_PER_GROUP": 2,
        "CELL_LAYERS": 3,
        "TARGET_FILTER_DIMS": 32,
        "REDUCTION_EXPANSION_FACTOR": 2,
        "REDUCTION_EXPANSION_BEFORE": false,
        "REDUCE_CURRENT": false,
        "PASS_RESIDUAL": true,
        "CONCATENATE_ALL": false,
        "TRAIN_EPOCHS": 1,
        "TRAIN_ITERATIONS": 16,
        "MAXIMUM_LEARNING_RATE": 0.025,
        "MINIMUM_LEARNING_RATE": 0.001,
        "USE_SGDR": true,
        "BATCH_SIZE": 16,
        "SGDR_EPOCHS_PER_RESTART": 16,
        "SGDR_LR_DECAY": 0.8,
        "SGDR_PERIOD_DECAY": 2,
        "DROP_PATH_CHANCE": 0.6,
        "DROP_PATH_TOTAL_STEPS_MULTI": 1,
        "IDENTITY_THRESHOLD": 0.0
    },
    "model_name": "evo_1595421188.662297",
    "metrics": {
        "accuracy": [
            0.42489999532699585,
            0.4634999930858612,
            0.5834000110626221,
            0.6873999834060669,
            0.7229999899864197,
            0.761900007724762,
            0.7656999826431274,
            0.8048999905586243,
            0.8069999814033508,
            0.8252000212669373,
            0.8337000012397766,
            0.840499997138977,
            0.8476999998092651,
            0.8507000207901001,
            0.8518999814987183,
            0.8511000275611877
        ],
        "average_train_time": [
            0.017733552865982057,
            0.01648789340496063,
            0.01644702489376068,
            0.016438119082450867,
            0.016438594489097597,
            0.01645976508617401,
            0.016612340450286867,
            0.016491732840538027,
            0.016588163685798647,
            0.01647933840274811,
            0.016654616332054138,
            0.018438823318481446,
            0.017968369584083557,
            0.0177979638004303,
            0.016976974387168883,
            0.01753514890193939
        ],
        "average_inference_time": [
            0.0027839993000030516,
            0.002324138927459717,
            0.0023228997468948366,
            0.0023230000257492066,
            0.0023263887882232666,
            0.0023208999395370484,
            0.002320399808883667,
            0.002320918536186218,
            0.0023204999446868897,
            0.0023276000022888184,
            0.0031127901077270506,
            0.002436268711090088,
            0.0024597849369049074,
            0.0024881922483444216,
            0.002366616249084473,
            0.002506826639175415
        ],
        "compile_time": 0.11299967765808105,
        "build_time": 19.377997875213623,
        "save_time": 2.801727294921875,
        "mutation_info": {
            "parent": "",
            "cell_index": 0,
            "group_index": 0,
            "item_index": 0,
            "mutation_type": 0,
            "mutation_subtype": 0
        },
        "flops": 0
    },
    "parent_model_name": ""
}