{
    "embedding": [
        5,
        0,
        5,
        1,
        3,
        2,
        3,
        2,
        6,
        2,
        6,
        0,
        2,
        1,
        3,
        0,
        8,
        3,
        0,
        2,
        1,
        0,
        1,
        1,
        4,
        1,
        2,
        0,
        5,
        0,
        1,
        0,
        7,
        0,
        0,
        1,
        8,
        5,
        4,
        0
    ],
    "hyperparameters": {
        "CELL_STACKS": [
            3,
            1
        ],
        "CELL_STRIDES": [
            1,
            2
        ],
        "CELL_INDEX_FOR_REDUCTION": 1,
        "GROUPS_PER_CELL": 5,
        "OPS_PER_GROUP": 2,
        "CELL_LAYERS": 3,
        "TARGET_FILTER_DIMS": 24,
        "REDUCTION_EXPANSION_FACTOR": 2,
        "REDUCTION_EXPANSION_BEFORE": false,
        "REDUCE_CURRENT": false,
        "PASS_RESIDUAL": true,
        "CONCATENATE_ALL": false,
        "TRAIN_EPOCHS": 1,
        "TRAIN_ITERATIONS": 32,
        "MAXIMUM_LEARNING_RATE": 0.025,
        "MINIMUM_LEARNING_RATE": 0.001,
        "USE_SGDR": true,
        "BATCH_SIZE": 16,
        "SGDR_EPOCHS_PER_RESTART": 32,
        "SGDR_LR_DECAY": 0.8,
        "SGDR_PERIOD_DECAY": 2,
        "DROP_PATH_CHANCE": 0.6,
        "DROP_PATH_TOTAL_STEPS_MULTI": 1,
        "IDENTITY_THRESHOLD": 0.0
    },
    "model_name": "evo_1593678455.9459136",
    "metrics": {
        "accuracy": [
            0.4643999934196472,
            0.5260000228881836,
            0.6431999802589417,
            0.6692000031471252,
            0.7289999723434448,
            0.7443000078201294,
            0.7594000101089478,
            0.7872999906539917,
            0.796500027179718,
            0.8050000071525574,
            0.819599986076355,
            0.8338000178337097,
            0.8234999775886536,
            0.8306999802589417,
            0.8328999876976013,
            0.8199999928474426,
            0.8234000205993652,
            0.8482999801635742,
            0.8468999862670898,
            0.8456000089645386,
            0.8553000092506409,
            0.8579999804496765,
            0.8644999861717224,
            0.8605999946594238,
            0.8600000143051147,
            0.8580999970436096,
            0.8626000285148621,
            0.8648999929428101,
            0.8621000051498413,
            0.8662999868392944,
            0.8665000200271606,
            0.8664000034332275
        ],
        "average_train_time": [
            0.009338940057754517,
            0.008834079570770264,
            0.008855659952163697,
            0.008864379463195802,
            0.008877380023002625,
            0.008866840033531189,
            0.008825520005226135,
            0.00883781029701233,
            0.008805165915489197,
            0.008830559978485107,
            0.008826099863052368,
            0.008877640027999878,
            0.00887587956905365,
            0.00884047986984253,
            0.008851329140663148,
            0.008889299807548523,
            0.008847692728042603,
            0.008868780040740968,
            0.008856399960517883,
            0.008888480052947997,
            0.00886123999118805,
            0.008881880478858947,
            0.008881769046783448,
            0.008847280497550965,
            0.008855879349708558,
            0.008889410276412964,
            0.008859051790237427,
            0.008880539894104004,
            0.00887073299407959,
            0.008886263680458069,
            0.008868185911178588,
            0.008869119410514832
        ],
        "average_inference_time": [
            0.0014855808019638061,
            0.0012724996328353881,
            0.0012717731475830078,
            0.0012823000431060791,
            0.0012771183967590332,
            0.001266500210762024,
            0.0012675000667572022,
            0.0012703997611999511,
            0.0012683001518249512,
            0.0012675004243850709,
            0.0012907000303268433,
            0.001275699782371521,
            0.001273499894142151,
            0.0012783008337020874,
            0.0012770992279052735,
            0.0012733997344970703,
            0.0012715022325515747,
            0.0012732001304626465,
            0.001274000096321106,
            0.0012731996059417725,
            0.0012903005599975586,
            0.001271100091934204,
            0.001275853443145752,
            0.0012871614933013917,
            0.0012733001232147216,
            0.0012729999303817748,
            0.0012755007028579712,
            0.001272899889945984,
            0.0012743998050689697,
            0.0012730613708496093,
            0.0012919999361038208,
            0.001276787519454956
        ],
        "compile_time": 0.07000041007995605,
        "build_time": 9.745988607406616,
        "save_time": 2.286608934402466,
        "mutation_info": {
            "parent": "",
            "cell_index": 0,
            "group_index": 0,
            "item_index": 0,
            "mutation_type": 0,
            "mutation_subtype": 0
        },
        "flops": 0
    },
    "parent_model_name": ""
}