{
    "embedding": [
        2,
        0,
        3,
        1,
        5,
        1,
        7,
        2,
        1,
        1,
        8,
        3,
        8,
        3,
        6,
        1,
        4,
        1,
        0,
        1,
        1,
        0,
        3,
        1,
        2,
        1,
        5,
        1,
        4,
        3,
        1,
        0,
        5,
        3,
        1,
        1,
        3,
        0,
        8,
        2
    ],
    "hyperparameters": {
        "CELL_STACKS": [
            3,
            1
        ],
        "CELL_STRIDES": [
            1,
            2
        ],
        "CELL_INDEX_FOR_REDUCTION": 1,
        "GROUPS_PER_CELL": 5,
        "OPS_PER_GROUP": 2,
        "CELL_LAYERS": 3,
        "TARGET_FILTER_DIMS": 24,
        "REDUCTION_EXPANSION_FACTOR": 2,
        "REDUCTION_EXPANSION_BEFORE": false,
        "REDUCE_CURRENT": false,
        "PASS_RESIDUAL": true,
        "CONCATENATE_ALL": false,
        "TRAIN_EPOCHS": 1,
        "TRAIN_ITERATIONS": 16,
        "MAXIMUM_LEARNING_RATE": 0.025,
        "MINIMUM_LEARNING_RATE": 0.001,
        "USE_SGDR": true,
        "BATCH_SIZE": 16,
        "SGDR_EPOCHS_PER_RESTART": 16,
        "SGDR_LR_DECAY": 0.8,
        "SGDR_PERIOD_DECAY": 2,
        "DROP_PATH_CHANCE": 0.6,
        "DROP_PATH_TOTAL_STEPS_MULTI": 1,
        "IDENTITY_THRESHOLD": 0.0
    },
    "model_name": "evo_1596063866.6139405",
    "metrics": {
        "accuracy": [
            0.5989000201225281,
            0.6621000170707703,
            0.7373999953269958,
            0.7728000283241272,
            0.788100004196167,
            0.8072999715805054,
            0.8148000240325928,
            0.8187999725341797,
            0.8325999975204468,
            0.8432999849319458,
            0.8446999788284302,
            0.8490999937057495,
            0.8522999882698059,
            0.8536999821662903,
            0.8531000018119812,
            0.8546000123023987
        ],
        "average_train_time": [
            0.01139088785648346,
            0.009749980511665344,
            0.009683581256866455,
            0.009444064598083496,
            0.009644578537940979,
            0.009448198552131653,
            0.009779215359687805,
            0.009425307860374451,
            0.010218513765335084,
            0.010446228137016296,
            0.01108512544631958,
            0.006419546246528626,
            0.006252750129699707,
            0.006459856085777283,
            0.006849357604980469,
            0.006350083360671997
        ],
        "average_inference_time": [
            0.0017124174356460571,
            0.0013084000587463378,
            0.0013696638822555541,
            0.0013153998851776123,
            0.0013703000545501709,
            0.0013186015129089356,
            0.001528602957725525,
            0.0015035701990127564,
            0.0013765509128570556,
            0.0013134999513626099,
            0.001341199827194214,
            0.0020556052923202516,
            0.001475550889968872,
            0.0017355658531188964,
            0.0014768513679504394,
            0.00178840594291687
        ],
        "compile_time": 0.09600257873535156,
        "build_time": 15.868114948272705,
        "save_time": 2.0319998264312744,
        "mutation_info": {
            "parent": "",
            "cell_index": 0,
            "group_index": 0,
            "item_index": 0,
            "mutation_type": 0,
            "mutation_subtype": 0
        },
        "flops": 0
    },
    "parent_model_name": ""
}